{"type":"FeatureCollection","features":[{"type":"Feature","properties":{"nombre":"Barrera del Delta"},"geometry":{"type":"Polygon","coordinates":[[[-60.06269595322776,-33.43943260583721],[-60.06280768367682,-33.43715691058618],[-60.06352427606168,-33.43609492018098],[-60.06721361160847,-33.43349335220213],[-60.07330844178783,-33.430045583797146],[-60.07343926621141,-33.429559198427235],[-60.05137169104061,-33.41237407495022],[-60.04893903091795,-33.41406909573931],[-60.04261672666901,-33.416848308299265],[-60.03936522854534,-33.41950890897884],[-60.03742732887791,-33.42250008806939],[-60.0356588475032,-33.42682476184488],[-60.032029261683114,-33.43234301586025],[-60.02940268087789,-33.4403542884755],[-60.027493913403966,-33.44251984719566],[-60.01913502457025,-33.44792605751221],[-60.013263640385034,-33.44975131533563],[-60.00914779057507,-33.45152593289785],[-60.002978387174764,-33.45308260976896],[-59.999845625561726,-33.454510456963],[-59.993534659710754,-33.45850331417886],[-59.98755355718963,-33.46183341503633],[-59.98496868863663,-33.46251164456974],[-59.980564394193394,-33.4627612942531],[-59.97864385964144,-33.46347676958363],[-59.97821045994003,-33.46242219314324],[-59.97764006655004,-33.46201856364077],[-59.97647472562938,-33.46222459678834],[-59.97570945289102,-33.461642856855825],[-59.973433716151504,-33.46154217844847],[-59.972755212380655,-33.46063547488804],[-59.971777696339124,-33.460276315300476],[-59.96984283158768,-33.460216055052285],[-59.96799538440256,-33.46091945795787],[-59.964600163300155,-33.4603455086856],[-59.959505094253096,-33.45900601478719],[-59.95256745150288,-33.456597792394646],[-59.9494128773001,-33.456102780202535],[-59.94516936976981,-33.455898911886095],[-59.94099157162053,-33.45612904223044],[-59.93991507952152,-33.45585980640903],[-59.93567030117094,-33.45757190432371],[-59.93152283878279,-33.46060792097723],[-59.930546415025184,-33.46188053476561],[-59.930635574044615,-33.46335314000084],[-59.92703816167035,-33.4660520980268],[-59.92507704807399,-33.46813152876443],[-59.92371818680647,-33.47126715669009],[-59.92324018350353,-33.47658408207162],[-59.92065406118956,-33.48167200183442],[-59.91800858514289,-33.48487930402418],[-59.91194841841582,-33.49018465943351],[-59.90504325883895,-33.49258963958502],[-59.903732237442966,-33.494010146989055],[-59.901148842514445,-33.49515434529014],[-59.89764773765759,-33.49637364796991],[-59.8927336822297,-33.49758206266839],[-59.88912331588458,-33.50016843020386],[-59.881574089257185,-33.50334649993032],[-59.867866868345395,-33.50632575964967],[-59.8668572683571,-33.50714463762898],[-59.86646540036496,-33.508055071865506],[-59.85929726864731,-33.51294104914315],[-59.859021162281735,-33.513943989161255],[-59.8561309116147,-33.51638375919679],[-59.85032256739595,-33.51693855927468],[-59.84933998028967,-33.51675268261124],[-59.84822589121907,-33.516047119608565],[-59.84747140653649,-33.516180409984514],[-59.84619074110927,-33.51566817785701],[-59.84527438842018,-33.51593496437395],[-59.84495236584002,-33.51539099741751],[-59.845474965631695,-33.51377275658068],[-59.844895652619336,-33.513080612234425],[-59.84115999639457,-33.51406723787998],[-59.823354548588654,-33.52339956490089],[-59.81657237903243,-33.52909182432125],[-59.81339275548867,-33.53244692881508],[-59.812689762887025,-33.532935275929795],[-59.81152954953627,-33.53310852442424],[-59.81111285280874,-33.53375106693362],[-59.81107105876954,-33.53492696810436],[-59.8093173815531,-33.53679366191718],[-59.808119141332554,-33.54005700890646],[-59.80595213049561,-33.542060070564276],[-59.80566158397814,-33.544203898147856],[-59.80321206055513,-33.55018519692645],[-59.802267214445834,-33.55602989403229],[-59.80228660599529,-33.56005867139859],[-59.80327913433738,-33.56546380079056],[-59.80601024334337,-33.57120900053188],[-59.804627692040086,-33.5734936250189],[-59.80485862221469,-33.57437071166823],[-59.80592637581887,-33.57518433732214],[-59.80553102985027,-33.578661744781016],[-59.805751704878865,-33.580901300616425],[-59.80423616614047,-33.58631922107515],[-59.80220220483612,-33.58882227488551],[-59.798812179249985,-33.59188644430743],[-59.790410063179024,-33.59645244866163],[-59.786466213767994,-33.59797090999076],[-59.784307520869916,-33.59916383570865],[-59.77678520067684,-33.60172595027857],[-59.773934202822396,-33.602338175778954],[-59.77349091876598,-33.60190268513552],[-59.77416071343588,-33.601135002939266],[-59.77412838406351,-33.600649633857685],[-59.773189604976906,-33.60018932821783],[-59.76466702190389,-33.60169170351014],[-59.76264979495506,-33.60177467280751],[-59.76228224406048,-33.60127580532149],[-59.76297050054567,-33.6007689408512],[-59.76305668183494,-33.60011010705886],[-59.76133665990238,-33.59910732471746],[-59.7591074509538,-33.59928681014801],[-59.75694657782994,-33.59992971659581],[-59.7550416936269,-33.59943924184164],[-59.75055047412675,-33.599320347878134],[-59.74913627437746,-33.598586536197054],[-59.748008835377426,-33.59841512122542],[-59.74412881567669,-33.598527013452596],[-59.74199333841188,-33.59899873745948],[-59.739159563991265,-33.59819221848934],[-59.73458372565697,-33.59828699763419],[-59.729510877963,-33.59697651947736],[-59.72090424945744,-33.59692733336281],[-59.71393589474819,-33.59872537243512],[-59.71017955769504,-33.600516878524765],[-59.70445357684221,-33.602344731621095],[-59.70152464991685,-33.6040998594951],[-59.698357443195135,-33.60528103101144],[-59.697259964992384,-33.60476381647909],[-59.69660544177566,-33.60483796897683],[-59.696084963824916,-33.60519977601305],[-59.69582746448869,-33.605944145860015],[-59.69380260660731,-33.60683643702942],[-59.68737295003606,-33.607448647622356],[-59.68450167330376,-33.60859310442985],[-59.67499118069617,-33.61109428859759],[-59.664353271967734,-33.613383632361455],[-59.656074332703525,-33.61642215033251],[-59.653758457376334,-33.61829701468356],[-59.65207457677496,-33.6190107053379],[-59.65133231067068,-33.620194745726984],[-59.650157179795926,-33.620463647624355],[-59.64881931241753,-33.621619432660545],[-59.64843859613038,-33.62219689049487],[-59.64884342551266,-33.623184494197965],[-59.64772262805871,-33.624410735851924],[-59.64619796115131,-33.62522590356003],[-59.644815043247554,-33.62668220400554],[-59.64357456023694,-33.62678653582187],[-59.64137373553339,-33.62834766593941],[-59.639987742935205,-33.63051651072958],[-59.636653140954415,-33.63404892241168],[-59.63518073035701,-33.63687052801815],[-59.63342674011729,-33.638329057132566],[-59.6331585990774,-33.64001011546776],[-59.632264434426155,-33.64187783084377],[-59.63235423636806,-33.6442113969968],[-59.63043051396463,-33.64879539643642],[-59.62866034868031,-33.6546639143683],[-59.62836615534922,-33.66299232861448],[-59.627622565648586,-33.66814760176758],[-59.62692749743523,-33.66986666652932],[-59.61886469728784,-33.67912923410348],[-59.616593246681106,-33.679784234723606],[-59.61373736321908,-33.68172698925539],[-59.60844718581314,-33.68403011262106],[-59.60521854794387,-33.68598752913599],[-59.60150655724249,-33.68683868915441],[-59.5954968685847,-33.686751708033846],[-59.58985428980803,-33.683565740956425],[-59.58779449834616,-33.6813372148082],[-59.58747848424018,-33.680045555840906],[-59.584831885174395,-33.6761712819618],[-59.58482403164957,-33.67461262403976],[-59.58024262473321,-33.66836176457163],[-59.5765360482453,-33.66100813315786],[-59.57161634833472,-33.6579268601479],[-59.56918891823662,-33.655468682934334],[-59.563827392395055,-33.65119311854134],[-59.562423706519766,-33.64909104377126],[-59.56137478358358,-33.64871939890762],[-59.560491454615736,-33.64762711021951],[-59.55835213109355,-33.6462934144979],[-59.55432577638494,-33.642464789206954],[-59.550088207356204,-33.640913877050814],[-59.54259221324326,-33.6348968256275],[-59.53908022756678,-33.63353344109152],[-59.53432655596799,-33.63065352319182],[-59.5304480554166,-33.629639978992756],[-59.5266539364676,-33.62789802565224],[-59.52111362877441,-33.62733622801228],[-59.51728957887004,-33.62731248717065],[-59.51313972056808,-33.62760601029524],[-59.509460525802,-33.6283338323403],[-59.506092361759016,-33.62951784682618],[-59.50256005974819,-33.63133421313316],[-59.50076826452082,-33.63181518328603],[-59.49093236703426,-33.636245130946506],[-59.48470966453741,-33.64098519158871],[-59.48153895256145,-33.642806983496236],[-59.477223046711025,-33.646049980427726],[-59.476566911795516,-33.64715148812796],[-59.476560155751756,-33.64839492743244],[-59.4744573839382,-33.65073503562259],[-59.47262906385399,-33.65453258555806],[-59.4723982812537,-33.65827027161734],[-59.47174454856796,-33.66109739832062],[-59.46917362783217,-33.66807133608933],[-59.46825068883405,-33.67712887032232],[-59.46736894868746,-33.68218730578356],[-59.46658084688066,-33.68353173888877],[-59.46699924042995,-33.687428495161456],[-59.466748190375405,-33.69100250298701],[-59.46503898559799,-33.69557743300645],[-59.45841520282162,-33.70449157094228],[-59.447995591138955,-33.71565787937404],[-59.442818482925645,-33.72064252872888],[-59.43561528279412,-33.726191248364806],[-59.427716046336776,-33.728500727601315],[-59.41695928552651,-33.72894582941212],[-59.4139029578891,-33.728396548115704],[-59.401880462777214,-33.72952485870503],[-59.39466055884843,-33.730536329962206],[-59.38723292131396,-33.730415827303645],[-59.38632225312579,-33.730815617232466],[-59.379355713370465,-33.73031700578811],[-59.37755421231817,-33.72978587875421],[-59.37518478688566,-33.72988885629229],[-59.372197121605275,-33.72891475433121],[-59.36214639637835,-33.72831434211731],[-59.36113335158658,-33.72778504345516],[-59.355434668008165,-33.72714376968932],[-59.33586821424468,-33.7268687835911],[-59.3258445879945,-33.725877208924224],[-59.31897816144684,-33.72467978160606],[-59.30466752777606,-33.72384082924235],[-59.29935240456354,-33.72278201458583],[-59.29787952502682,-33.722779275246495],[-59.29539369794392,-33.72216477726957],[-59.27939124868749,-33.71983932904548],[-59.27668048479409,-33.72014301257902],[-59.26826698556083,-33.718000798813165],[-59.26189443441765,-33.717035762166674],[-59.258152610954326,-33.717128138869214],[-59.250935522298825,-33.718787631223876],[-59.24864579757238,-33.71979649676897],[-59.24405960755651,-33.720945525778234],[-59.241504185764384,-33.72223134261513],[-59.24030775959288,-33.723399777597365],[-59.240124348231696,-33.72447886744147],[-59.239493696943256,-33.72540937126209],[-59.23768564908449,-33.72667424329287],[-59.23236080545266,-33.73161922819118],[-59.23138262826527,-33.73366755968911],[-59.231106971414825,-33.735619659232924],[-59.23139056508077,-33.7371052964881],[-59.23103013657027,-33.73926076062745],[-59.23220698792954,-33.74149382876871],[-59.23386474332237,-33.74587821075735],[-59.23409755775291,-33.74816064171464],[-59.23570019527413,-33.75101192310725],[-59.23512999071532,-33.752819144797925],[-59.235256707204165,-33.753715123141056],[-59.236031117346535,-33.75486158232133],[-59.237121067747026,-33.75551887980727],[-59.237635397097606,-33.75708437346715],[-59.240019659818294,-33.7603674459316],[-59.24091280216572,-33.76130912741958],[-59.242527474373055,-33.76217087782084],[-59.24342363041911,-33.763256719957646],[-59.24422668597908,-33.76501262770083],[-59.24437391511713,-33.767755534660516],[-59.24401902516566,-33.771894830657565],[-59.24249135548022,-33.774032644555895],[-59.23931932745709,-33.776855413835584],[-59.23388243918913,-33.77897579020951],[-59.23151154335077,-33.780481221363665],[-59.230523088222526,-33.781711521083785],[-59.230002198580166,-33.78437093162701],[-59.230142064406344,-33.786425949668185],[-59.23076497979436,-33.78832499175283],[-59.232528650891076,-33.79141182334589],[-59.23307855,-33.79412062008867],[-59.232537654220536,-33.79681205583797],[-59.23072051155903,-33.79971937848073],[-59.22495448867227,-33.80380383422617],[-59.22338833521692,-33.80558317935812],[-59.221996866738806,-33.806609495172935],[-59.21921463003147,-33.80727917516816],[-59.2134758498049,-33.80803020470012],[-59.21154503124959,-33.807952271550924],[-59.20598611001597,-33.80677191784897],[-59.20487479087034,-33.80700673230873],[-59.202841120657844,-33.80827396437444],[-59.20213152756124,-33.808267987776254],[-59.199325204792636,-33.807312717409474],[-59.194905258203526,-33.804836920347775],[-59.19121933140278,-33.8039487642086],[-59.18980866928785,-33.802881951669036],[-59.18733888908224,-33.802290294313956],[-59.1820454725765,-33.80232315095716],[-59.17742292595532,-33.80350261589521],[-59.17730611834576,-33.803069141194904],[-59.17912153033831,-33.79918395448805],[-59.179302087035275,-33.79794542112334],[-59.18173172173282,-33.79252117317176],[-59.182506726218655,-33.78799029653265],[-59.184799602496234,-33.783110916193486],[-59.18570007089497,-33.77929623229956],[-59.1860760050753,-33.7751715781807],[-59.18598861240345,-33.761555884613315],[-59.18312785378711,-33.75155754473371],[-59.18235285562529,-33.75011318999861],[-59.18119448563651,-33.74971977082807],[-59.18059125638827,-33.74898476700399],[-59.18081518016291,-33.746125385773546],[-59.18266160901872,-33.74462611154081],[-59.19305690995153,-33.74052448179425],[-59.19747587709362,-33.73847062631973],[-59.20886870676591,-33.73149475536875],[-59.213790555953445,-33.730437475148584],[-59.21741956219725,-33.72919441158309],[-59.221260615970984,-33.72865407008164],[-59.2262766383886,-33.72700132978581],[-59.23132198214014,-33.72338096408818],[-59.23382749228404,-33.72206786774939],[-59.23855988030551,-33.71598237069066],[-59.24270256279112,-33.70701640775429],[-59.24579249555168,-33.68948800110842],[-59.24786675490983,-33.68048206893188],[-59.250622362924844,-33.67194021115586],[-59.25173208391602,-33.667283718987235],[-59.25481370666819,-33.658929879420995],[-59.257341852511864,-33.65524414901157],[-59.2562849491578,-33.65405148694359],[-59.25737667945505,-33.64758030884601],[-59.257895729023005,-33.64676836719739],[-59.25876424846867,-33.64370087217413],[-59.26200827990007,-33.639991392497876],[-59.2667588676379,-33.63251310633558],[-59.270540895330136,-33.628332980879144],[-59.273689727250144,-33.62574944076782],[-59.281553178445435,-33.621154604779285],[-59.288736751069806,-33.61578103830501],[-59.29436892229305,-33.610848228564684],[-59.30065897978897,-33.60373261746396],[-59.3014372424989,-33.60319109180431],[-59.304457494890684,-33.60217412412254],[-59.30721529468017,-33.60040529074478],[-59.3085739997272,-33.59877065931642],[-59.30994404274115,-33.596101893423516],[-59.31141874740918,-33.5944286020035],[-59.314930276189436,-33.587403597854035],[-59.316534019271074,-33.58150629813528],[-59.317078085760194,-33.57753659871508],[-59.31840152171764,-33.57385029098014],[-59.32017820293476,-33.56162562453222],[-59.31961434345276,-33.55003962432545],[-59.32124218876631,-33.54556749997811],[-59.32416809494625,-33.54365595553644],[-59.326373976351064,-33.54265272081092],[-59.33183055314709,-33.54220151587442],[-59.3395973076927,-33.542736472734106],[-59.345436624191045,-33.54363254271764],[-59.3473615895274,-33.54419805112638],[-59.353320556117545,-33.54690431477406],[-59.35559925574371,-33.54744910128655],[-59.36224277999726,-33.547235549513324],[-59.36443616748331,-33.546753901780626],[-59.36640877165969,-33.545878214247175],[-59.36995499719858,-33.54361071479657],[-59.36967849830078,-33.542668902082625],[-59.37046872305541,-33.54150467509631],[-59.371888955395406,-33.53647805133948],[-59.372956133682024,-33.5293258246143],[-59.37364961383957,-33.52700802754535],[-59.37455364729832,-33.52559991376084],[-59.37629474946682,-33.5239650792292],[-59.38011358956987,-33.521359352614226],[-59.394482128987924,-33.513220215084395],[-59.40318168050858,-33.50675613756885],[-59.40535970769254,-33.5047441511709],[-59.411630326643596,-33.49801991299972],[-59.414151364682525,-33.494231804087704],[-59.417417735364225,-33.4859296705591],[-59.41936064075392,-33.481976112553],[-59.42018079955593,-33.47851533504072],[-59.42260732323639,-33.47193136194164],[-59.42598787074041,-33.46858101608762],[-59.43471538207153,-33.46185059279964],[-59.43737256076402,-33.460366423390205],[-59.44140328234853,-33.45875842502782],[-59.44863992281655,-33.45679061758053],[-59.452086172898206,-33.45656125867251],[-59.454957515624464,-33.457178690884575],[-59.45936596879121,-33.45742245968101],[-59.47898415935113,-33.455133585886],[-59.48566380160456,-33.45227574115276],[-59.495554059672855,-33.44512889054177],[-59.50783375709282,-33.438370726158674],[-59.510070203389056,-33.43806213709268],[-59.51814172930556,-33.43919831376662],[-59.522472274271834,-33.4385855977897],[-59.52740305540621,-33.43639238590816],[-59.53318224197831,-33.43106692933652],[-59.536746941725625,-33.42672108995459],[-59.538603584672614,-33.4235797581169],[-59.54016683832505,-33.421791396],[-59.54190028192278,-33.41689962916519],[-59.54275884752774,-33.4157648136552],[-59.54323520683725,-33.41378147780212],[-59.54405530507396,-33.41214010419346],[-59.54498094176244,-33.40664641685367],[-59.54521928370283,-33.40036886132435],[-59.544504013282065,-33.39609345882859],[-59.540782379999996,-33.382581184179664],[-59.54106807989498,-33.38003339125336],[-59.543520608761085,-33.37782101440891],[-59.54629433688959,-33.37709137096433],[-59.55678780259174,-33.37865157051628],[-59.563008877715156,-33.37908496205742],[-59.57400075081664,-33.378053984602474],[-59.585196154691204,-33.377792782188635],[-59.58672522983288,-33.37728604627137],[-59.599125823291395,-33.3756472884387],[-59.60448925024412,-33.373582838957994],[-59.61003913379725,-33.37268863633649],[-59.61372206957039,-33.37076683661849],[-59.6185259933784,-33.36704988886305],[-59.6204812352776,-33.36519168254757],[-59.62518911618991,-33.358668054340335],[-59.62740018722586,-33.352857084243674],[-59.63186785675395,-33.34920639843826],[-59.63341414684412,-33.348337448580835],[-59.63488623320731,-33.34647220505623],[-59.63521228174364,-33.34560358292977],[-59.63509697199443,-33.34221468009605],[-59.63415903346499,-33.34084784184614],[-59.63406588491633,-33.33978859977943],[-59.63285700146958,-33.337128699831055],[-59.62919843840466,-33.3306040172267],[-59.62537871265989,-33.32557735412016],[-59.63707161632486,-33.32342085039564],[-59.637602527093335,-33.32299116123658],[-59.636310286746266,-33.316526795680275],[-59.63287028486035,-33.3161741881456],[-59.63041263047778,-33.31755660737194],[-59.6271846322827,-33.31789971034565],[-59.6265445502834,-33.317098179838226],[-59.624821748992474,-33.31702451602779],[-59.62450714369145,-33.3167034973755],[-59.625364959152826,-33.31544358571607],[-59.62782530269632,-33.31527233927821],[-59.629549611568244,-33.31562142267193],[-59.63019203301167,-33.31520495971346],[-59.630192517201,-33.31443109502534],[-59.6290478931762,-33.31329460272398],[-59.62937178157919,-33.31298111957223],[-59.63081401987267,-33.31292298121082],[-59.6316953829941,-33.312225237827505],[-59.63152580641634,-33.31133739303089],[-59.63029442287745,-33.31081435523243],[-59.63011657401612,-33.310444633229245],[-59.632350087642116,-33.30751551137953],[-59.63328782474091,-33.306868293583875],[-59.63336574371948,-33.30620894773945],[-59.63262961022079,-33.30550367730956],[-59.632620108248595,-33.30509838757277],[-59.63471155216114,-33.30395668314344],[-59.63628271024061,-33.30381646605411],[-59.6365879533606,-33.30353438254159],[-59.63621705125058,-33.30278706463828],[-59.63369967076167,-33.30243651737924],[-59.63414294115452,-33.30149658627157],[-59.63402967636369,-33.30061577927766],[-59.63449036978831,-33.2999239192292],[-59.63441118104153,-33.29938048153309],[-59.63327046455296,-33.29818155115769],[-59.63224479798859,-33.2979303049622],[-59.62967168807787,-33.29954334643143],[-59.624324003964134,-33.300608822902724],[-59.62315186287419,-33.30034094634847],[-59.62188523575241,-33.29881022829797],[-59.62086060241038,-33.29846519466696],[-59.618764431310915,-33.30123108681813],[-59.617371025863584,-33.30245435148828],[-59.61085104803212,-33.30571634879593],[-59.608918101531785,-33.30857868300926],[-59.6086925593732,-33.310193252623414],[-59.6092736003223,-33.31153127409429],[-59.609194239587616,-33.312097192031516],[-59.60747780395818,-33.3148772155223],[-59.60753818055946,-33.31654099934784],[-59.60609820224614,-33.31828222442221],[-59.60594538720885,-33.319354963215176],[-59.60511600241891,-33.3210397792551],[-59.605291555310735,-33.32329402473597],[-59.6058739248433,-33.32353931990265],[-59.60708183663231,-33.32338697530166],[-59.6074150819728,-33.32372776524276],[-59.60592803746924,-33.326650988379626],[-59.60594851457691,-33.32969149425389],[-59.60701241944287,-33.331729081329904],[-59.61034269993144,-33.333965106641706],[-59.61473199234708,-33.335625849151455],[-59.623914870680565,-33.33829678108681],[-59.62637734632962,-33.33938349964318],[-59.62890787978581,-33.34103729540522],[-59.62967754585342,-33.342384204764876],[-59.62975041706959,-33.345104938229554],[-59.629179428012876,-33.34694712298036],[-59.6280722957136,-33.34819154874923],[-59.62389501391486,-33.35071344740017],[-59.619207012525735,-33.35476997140774],[-59.61623140894727,-33.35670493108942],[-59.604528972373195,-33.36210635806255],[-59.600855279891725,-33.36450204278621],[-59.59230492146403,-33.36812889347805],[-59.58381524450469,-33.36996522482973],[-59.57292117880579,-33.371454256796945],[-59.56861769004633,-33.37270879945537],[-59.56475842931576,-33.374375760301454],[-59.55600065475472,-33.374108402491295],[-59.5466753943532,-33.372959653664886],[-59.54422043384385,-33.37320355239605],[-59.540139094957695,-33.37505106303189],[-59.5386023931832,-33.37655916112872],[-59.53712704707187,-33.38041907550465],[-59.53825834379412,-33.39031577825458],[-59.53987703852122,-33.39442709508689],[-59.53945617964307,-33.398805200137446],[-59.53666666830857,-33.40723840217729],[-59.53362087293112,-33.41205414032342],[-59.53096978169639,-33.41516371032614],[-59.5298682930422,-33.41724886567928],[-59.52757936742457,-33.422890156530414],[-59.52692776273536,-33.42639435005997],[-59.52548612522135,-33.428356439691505],[-59.522578966965796,-33.431194990643604],[-59.51493774570336,-33.43462006114212],[-59.51184420581034,-33.43501158513937],[-59.50904164758037,-33.43437680441225],[-59.50488882655177,-33.43462574631666],[-59.498515593315496,-33.436379984403665],[-59.489406350446096,-33.4383110941206],[-59.47665942442686,-33.440360243960754],[-59.4698291503991,-33.443559396536074],[-59.46290496578263,-33.4478614991299],[-59.45913918468706,-33.449705540948244],[-59.45031147696862,-33.45271053581747],[-59.44045774200974,-33.454744758761066],[-59.43396520621596,-33.45664868454879],[-59.43112667331391,-33.45771648480113],[-59.42769668477982,-33.459743181600544],[-59.42349938035486,-33.46335338489397],[-59.423258175022205,-33.464277114162954],[-59.421599211705114,-33.46599253486856],[-59.4192297477013,-33.46945818575615],[-59.41771858541721,-33.472300290883204],[-59.41734066558207,-33.473765702813665],[-59.41745707793094,-33.475254745106554],[-59.41582471906194,-33.47695021509272],[-59.412835102103585,-33.48172079032853],[-59.409602599863824,-33.48573718516921],[-59.404863361704564,-33.48987438936222],[-59.39894873798409,-33.492895912407775],[-59.39316249093065,-33.49668340938401],[-59.39052493324412,-33.50058854446666],[-59.3872329395856,-33.50451359468443],[-59.38337247226657,-33.508529506296256],[-59.37985935634143,-33.511379472652244],[-59.37763958373791,-33.513749142247576],[-59.37448860991233,-33.518368261550705],[-59.37455916949273,-33.519530494608],[-59.37393061529365,-33.52099248981635],[-59.37146573359345,-33.523756113355915],[-59.370344742614456,-33.5260458856275],[-59.368166391829526,-33.52903436185344],[-59.367418252050236,-33.5313891894779],[-59.363878636997526,-33.5376769438485],[-59.36169400503013,-33.54078685164646],[-59.36047598562177,-33.54180797054456],[-59.357618867766284,-33.54230516834439],[-59.35550487126563,-33.54204182253246],[-59.35381975937284,-33.541452032411655],[-59.35217365427602,-33.54225882668091],[-59.34871189874184,-33.540936771517764],[-59.336861192929064,-33.53790942055406],[-59.33442965147175,-33.53745191533618],[-59.330982609946226,-33.53738081930305],[-59.32600783737287,-33.53766866499208],[-59.32306961240783,-33.53830674221358],[-59.31929346153965,-33.539866584392776],[-59.316062103763294,-33.54221884758032],[-59.31515095493903,-33.54352300749709],[-59.31467285502443,-33.54531907107128],[-59.31480432332536,-33.547912827223],[-59.315710265453774,-33.5492185334845],[-59.315012300704794,-33.55117887603091],[-59.31535394,-33.55425049712605],[-59.314937042571984,-33.56028766760183],[-59.31304078819434,-33.56485200182393],[-59.311858758686256,-33.5666879187145],[-59.30952281402056,-33.57171487802544],[-59.30738989938027,-33.57344335973779],[-59.304212622870935,-33.58057006880992],[-59.303026916746674,-33.58527004305266],[-59.30303841097479,-33.58847508583674],[-59.30171291783259,-33.59135300086256],[-59.292838118924685,-33.603318542578236],[-59.29065226206964,-33.6055884239256],[-59.284890874144644,-33.60950643198696],[-59.27704833677759,-33.613747629410845],[-59.27142126785682,-33.61781556315564],[-59.26592696339638,-33.62298033001203],[-59.258557283883064,-33.631641045627276],[-59.25580405666828,-33.63562176725086],[-59.25528329231451,-33.637271627230724],[-59.253459603602266,-33.639250884264904],[-59.253363275108896,-33.64165945958906],[-59.254653513601255,-33.64516744659819],[-59.25358710523417,-33.64636838407273],[-59.24869829063822,-33.655837914097766],[-59.245705925930125,-33.6624434933708],[-59.243690300895594,-33.66543419652453],[-59.24139286052358,-33.672357091181496],[-59.240649968473214,-33.67651619469764],[-59.236498912031166,-33.68610282183722],[-59.23443361229099,-33.68904553698261],[-59.23419244,-33.69034343778732],[-59.234465956297626,-33.6928176467252],[-59.23364305373125,-33.70122688721639],[-59.23266291624593,-33.70541411909083],[-59.23131788608394,-33.707823354722706],[-59.2294978755774,-33.70993439797669],[-59.226320113100506,-33.71239845921252],[-59.22236721902956,-33.71466093050982],[-59.219467106182805,-33.7158894194986],[-59.21538825522325,-33.71850620961766],[-59.21073951787258,-33.72098971586191],[-59.20874477647422,-33.72257823312345],[-59.193698063150514,-33.72943193971],[-59.191429921718836,-33.7299266980787],[-59.18861757127916,-33.73137331751187],[-59.18691377912186,-33.7328929492508],[-59.18594849212396,-33.73414722243098],[-59.18575087991226,-33.734937415807806],[-59.18036878476246,-33.738118153542246],[-59.17923813776121,-33.73919062581685],[-59.17772696953905,-33.741580844016994],[-59.1760866099617,-33.742159500709185],[-59.17600689784148,-33.74324325944805],[-59.17648784618667,-33.74438721706351],[-59.17542962757789,-33.74641419826661],[-59.174731942792526,-33.7498449464326],[-59.17524063431216,-33.75062354947873],[-59.17685011415343,-33.751536807800484],[-59.178403335054405,-33.754260024905726],[-59.178630990800585,-33.75579263935116],[-59.17819442623423,-33.758723123472414],[-59.178383642620695,-33.75978970773293],[-59.17693463373746,-33.767553986002476],[-59.17503197613547,-33.77066161899067],[-59.1749485404194,-33.77164286285383],[-59.173281826017345,-33.77512073398119],[-59.17240137087869,-33.77816146355383],[-59.17254289519494,-33.78084612221617],[-59.17391080893622,-33.78606445753288],[-59.1743463353851,-33.7899910434041],[-59.173429822998386,-33.79515155916902],[-59.171251854292656,-33.800727025303615],[-59.16926672495263,-33.80445985412692],[-59.1639193989423,-33.81041220665107],[-59.16215400206795,-33.811504089713715],[-59.16014852369383,-33.815094403293564],[-59.1536913244704,-33.82362919227458],[-59.144854795846165,-33.83174859364984],[-59.14034656337403,-33.83651550063216],[-59.1376832612405,-33.83839145737565],[-59.13567933256708,-33.8402688312121],[-59.1334696552756,-33.84147789186705],[-59.13190178086397,-33.84304348844394],[-59.12990992219003,-33.84413897275069],[-59.12701728340094,-33.84514666858066],[-59.12201526873106,-33.84561989575399],[-59.117544061310035,-33.84519557595999],[-59.10476697293532,-33.8425806262896],[-59.091089569267425,-33.838526468135825],[-59.07721320694663,-33.83059323692752],[-59.07142972134485,-33.82856786676026],[-59.0692050736772,-33.828194236986604],[-59.05447557107522,-33.82820261526753],[-59.049540193972916,-33.828855688429584],[-59.045165175709855,-33.83003138314596],[-59.04189931293014,-33.83160407238813],[-59.039433061847724,-33.83327509854693],[-59.028704916694416,-33.84296295625515],[-59.02450547737103,-33.84478843849072],[-59.02216757981956,-33.84493043393231],[-59.01796010881873,-33.844160619995606],[-59.016250696458435,-33.843558994406884],[-59.00892579959774,-33.83804661556348],[-59.005710616094134,-33.836408263154304],[-59.00193491816492,-33.83602985844979],[-58.99766478862009,-33.83624637119395],[-58.995201766180905,-33.83674997881397],[-58.98867049760001,-33.84067766259408],[-58.98679390230169,-33.84267425125672],[-58.98505281380084,-33.84693280664896],[-58.98399795120595,-33.850524881835476],[-58.98337610624285,-33.858342929317374],[-58.9815658203398,-33.86210891723049],[-58.97960010130643,-33.86414189454751],[-58.97668669739945,-33.8655348365233],[-58.971547754530796,-33.867092981431966],[-58.96457727882862,-33.868454931497524],[-58.95771551750995,-33.869123360294445],[-58.95430789683022,-33.86919494105806],[-58.95382109998064,-33.86820417859273],[-58.95082282203363,-33.86717161565575],[-58.94919397095437,-33.86545260264447],[-58.9484804008839,-33.86513738107157],[-58.94262648838368,-33.86613632837713],[-58.93852420255525,-33.86750887909607],[-58.93217949924968,-33.86865638440357],[-58.9307715998846,-33.869236663892295],[-58.93026290930372,-33.8700722682537],[-58.929155262540554,-33.870624357677826],[-58.92582581177151,-33.870791948631975],[-58.92446250146036,-33.87191396260979],[-58.920033132648,-33.87336900961368],[-58.91370545672943,-33.87614846137344],[-58.90558999954164,-33.88126943031526],[-58.901935758512714,-33.88215029201987],[-58.901490514917526,-33.88305394254086],[-58.89701510658998,-33.88572612773913],[-58.88827549416258,-33.89374932188161],[-58.88612223627033,-33.89843608036396],[-58.88521722749925,-33.901554171970865],[-58.88398216884274,-33.90352409760652],[-58.881962367750994,-33.90814714203755],[-58.88143072865087,-33.91020322558374],[-58.88163708559898,-33.91168011222591],[-58.88003266610031,-33.91539725687876],[-58.87846765504073,-33.917422544850446],[-58.875980041034204,-33.91929248205301],[-58.87550267617747,-33.920375141483106],[-58.87385242449918,-33.9219575154428],[-58.86939653059565,-33.92477137131465],[-58.863758760901014,-33.92669584186914],[-58.862517320675146,-33.926541942654175],[-58.85827090951411,-33.925012828568484],[-58.85591229629906,-33.9245973109221],[-58.851933707000526,-33.92478683852741],[-58.84912107012119,-33.925583127281996],[-58.84510363773699,-33.92801656570106],[-58.839152686829195,-33.93604447091174],[-58.83350873477189,-33.940199644807066],[-58.83021182101936,-33.94186340209589],[-58.82367956715639,-33.944203066339846],[-58.814518656442495,-33.9453255181931],[-58.81323345872209,-33.944649080940536],[-58.81221797064424,-33.9446555207841],[-58.81133544291586,-33.94529081962234],[-58.81163363165919,-33.946649734713816],[-58.810767973208165,-33.946915338679275],[-58.80285809218776,-33.94469628155294],[-58.80245266997313,-33.944469619508695],[-58.80228795665636,-33.943446066746745],[-58.80176654765795,-33.94302721565845],[-58.78647966582421,-33.93807181622947],[-58.78633403158061,-33.93746533609767],[-58.78745277995747,-33.93689704201092],[-58.78807119904461,-33.93605299700276],[-58.788017977208526,-33.935531985718995],[-58.78749461053174,-33.93520215347929],[-58.783603944887986,-33.935193519317316],[-58.779785892883154,-33.9357825732836],[-58.77440075383275,-33.93562629953272],[-58.7662150252955,-33.93262503714698],[-58.76366128157897,-33.931035712318234],[-58.7610032870416,-33.930431478383866],[-58.75430370543336,-33.93440974396133],[-58.754562247688185,-33.936808564544656],[-58.75431275141454,-33.93732045907366],[-58.75235828825722,-33.93777238022825],[-58.74968496090036,-33.93914644516172],[-58.74189893881692,-33.943455941753776],[-58.73891994904637,-33.94550429552867],[-58.736118816951034,-33.949029289375005],[-58.732542675875436,-33.95512125957011],[-58.730908533302966,-33.96447086203989],[-58.72991124438179,-33.966178090477],[-58.719348225077276,-33.97532769876066],[-58.70762858971149,-33.98230416262048],[-58.70234461778231,-33.98845861839615],[-58.70200645973418,-33.98928660300064],[-58.697662870008045,-33.99374225052786],[-58.696254113858046,-33.99604659201435],[-58.692507185140386,-33.9996126974706],[-58.69093049670994,-34.000175170356385],[-58.69036153385673,-34.000871666201384],[-58.68840509323135,-34.001943968029856],[-58.687300299528104,-34.0031639760362],[-58.68622770301467,-34.0037704590037],[-58.684142742211684,-34.00623236549093],[-58.67914660546739,-34.010063081797085],[-58.67755443322438,-34.0124657387442],[-58.676223502453055,-34.01296613555595],[-58.67514831299137,-34.014545774582025],[-58.672528102609895,-34.01728616761664],[-58.66904843935352,-34.019352973534595],[-58.663688733452304,-34.021419516550544],[-58.661986355585476,-34.02275473865852],[-58.66114998155017,-34.02291022025018],[-58.65738607237422,-34.02511508910658],[-58.64984263284333,-34.026824508579374],[-58.649327126501,-34.02760905082324],[-58.636188933942236,-34.03338809646795],[-58.63249127209238,-34.03393948901632],[-58.62971476929069,-34.03391679461077],[-58.62446449749842,-34.033121112523666],[-58.62070219216316,-34.03313723415487],[-58.617764240671825,-34.03265593628262],[-58.612541037115044,-34.032481227884695],[-58.60537733581995,-34.03156785849141],[-58.60370765204823,-34.031041564191206],[-58.59938137245235,-34.03082493925608],[-58.595683430489,-34.02963022730256],[-58.59322257382363,-34.029191134393166],[-58.58804343929914,-34.02647149739285],[-58.583428946698774,-34.02461030386978],[-58.57721622257776,-34.02287219804918],[-58.57357027179301,-34.022835294140364],[-58.57083551849428,-34.02319829199437],[-58.568305695648434,-34.02290481469708],[-58.56623419950864,-34.02300468036528],[-58.56417869818541,-34.023545781505995],[-58.56108206892963,-34.023514522710656],[-58.558402462218204,-34.02337772640275],[-58.55395168316678,-34.022330397295455],[-58.54952590257834,-34.02071883861849],[-58.54655326478389,-34.018989465930346],[-58.54201477598324,-34.017070816523734],[-58.537940142221764,-34.01627575223415],[-58.536663320679644,-34.015700597620864],[-58.5343716603322,-34.01550232767798],[-58.53027165370713,-34.01418526476356],[-58.52402903872846,-34.013000150354806],[-58.52208057934615,-34.012140452198956],[-58.51129769950817,-34.00913705343139],[-58.50778671292088,-34.00770942621149],[-58.503255041046856,-34.006357456751125],[-58.50171569872,-34.005537328289044],[-58.49419084872332,-34.0041944808002],[-58.483643727894034,-33.99962233485867],[-58.476658776788234,-33.99700775351089],[-58.474446229802446,-33.996472371524085],[-58.46991430040367,-33.99629270797097],[-58.4588353576192,-33.997284557729884],[-58.45152571820074,-33.99711281510404],[-58.444849466891554,-33.99748516195805],[-58.44292303120089,-33.99793934550812],[-58.43461364673553,-34.00136406074281],[-58.4317692244638,-34.001942989324455],[-58.42363734254276,-34.001319060772474],[-58.42234564806816,-34.00072761975874],[-58.421713342559,-33.99959726088032],[-58.41983393729969,-34.00137567813498],[-58.41860996842043,-34.0012852786904],[-58.41708931133317,-34.000652015895],[-58.41568837663582,-33.99945479134157],[-58.41495185839672,-33.99686237273649],[-58.41485895516355,-33.99465530020037],[-58.41560049973341,-33.99224367892252],[-58.417265222471414,-33.99270395937902],[-58.41778036991804,-33.99149425033577],[-58.41848323069024,-33.99124235457238],[-58.41882302390952,-33.99075066016387],[-58.418742559286926,-33.99033649879112],[-58.41742192413343,-33.98936802347083],[-58.41772657193581,-33.98731928430314],[-58.41708655958574,-33.986257640538625],[-58.41936068954374,-33.98397588238862],[-58.419383929508946,-33.98246108721445],[-58.421994844680405,-33.9790757331546],[-58.42267458816634,-33.977348806650014],[-58.42524302629573,-33.968951940260936],[-58.42585847386767,-33.96375133696423],[-58.42675221319372,-33.96101662191461],[-58.42588237449573,-33.96045333632152],[-58.425381261790356,-33.960974216974016],[-58.423573259171384,-33.96964140525973],[-58.42273692558097,-33.97098289828274],[-58.42212499985367,-33.97470579247406],[-58.42118792082644,-33.97758816889022],[-58.41882267972958,-33.98064397909104],[-58.41524645947103,-33.98319896436551],[-58.41401721657113,-33.98005062796864],[-58.41367686962091,-33.977976487454214],[-58.41390645380691,-33.97711455469485],[-58.41457674958545,-33.976392963279906],[-58.41472638732758,-33.97513778581811],[-58.41433643790927,-33.9743547494508],[-58.41278152034836,-33.97415177733973],[-58.41252560976296,-33.970096913720575],[-58.41000319418105,-33.96671498569264],[-58.40990007474135,-33.96482002209208],[-58.41017141245875,-33.9637525525166],[-58.40971341217417,-33.96235099551193],[-58.40933565439426,-33.958485393619725],[-58.40954511174631,-33.95621812229033],[-58.411792232535475,-33.95277269995269],[-58.41366391838063,-33.95082201280649],[-58.41644185197846,-33.94940506111224],[-58.41976507647861,-33.94821319498719],[-58.424549898754854,-33.94768440815186],[-58.42649400848443,-33.94974966521214],[-58.428600808358034,-33.951055451544306],[-58.43115615498313,-33.95126847470551],[-58.43317709326343,-33.950434555631595],[-58.43941696979552,-33.94919234901969],[-58.44021542112441,-33.947322248046014],[-58.4386898886095,-33.941189174452596],[-58.436712877799444,-33.94070136141973],[-58.43502247006246,-33.93983048140051],[-58.43133086062893,-33.93931055305272],[-58.42773887515335,-33.938346768565495],[-58.42745668472423,-33.93801949091648],[-58.427675768941036,-33.9375730150721],[-58.428642225631734,-33.93742585264883],[-58.43208288098587,-33.930443937452765],[-58.432100914860705,-33.92824879672991],[-58.431791395567245,-33.927320669981306],[-58.432139715051505,-33.925956328163835],[-58.433439458756695,-33.92422218255673],[-58.43482543937221,-33.918547761381724],[-58.43465509953226,-33.91347631131673],[-58.41673557431162,-33.91321362559309],[-58.41489991203689,-33.91647909051628],[-58.412874530291255,-33.91775999289376],[-58.41044194550466,-33.91828959968622],[-58.406434195581596,-33.920999694076535],[-58.4052292621457,-33.922663699702106],[-58.40120462395954,-33.92646089373982],[-58.39568520648428,-33.929276185967694],[-58.38701744048511,-33.938598352574736],[-58.385990356413885,-33.93919751915835],[-58.38541854930413,-33.941262095270915],[-58.38252527319356,-33.94359986510988],[-58.37871509381809,-33.94517732573122],[-58.36977521325958,-33.946091987570604],[-58.36933197057018,-33.94671160780088],[-58.369326171680726,-33.949905151938125],[-58.36893934548835,-33.95108313430745],[-58.36826629293853,-33.95174996084979],[-58.36717286716292,-33.95185606388092],[-58.36438171144501,-33.950271797127016],[-58.36129275572307,-33.95079423391986],[-58.358897031439284,-33.95243459384659],[-58.35903825632983,-33.9541965059204],[-58.36002734776504,-33.95450256272027],[-58.36008063610817,-33.95504190331115],[-58.35927786947788,-33.95550493107085],[-58.35741820047096,-33.9577815111321],[-58.3556181363608,-33.95888565458385],[-58.35120319684474,-33.95974643337133],[-58.341616707000064,-33.96388184388486],[-58.340607021683866,-33.964881797385225],[-58.337553440876846,-33.96620170422236],[-58.33392503147901,-33.966470947917536],[-58.33074525362716,-33.967105278118275],[-58.3279324612908,-33.96898070708427],[-58.32427839558188,-33.97291606495632],[-58.32203476368522,-33.97710651240985],[-58.319748844029874,-33.98006707913741],[-58.31694833108215,-33.982462838790106],[-58.31592502620111,-33.98455747584209],[-58.31334600243016,-33.98634235712093],[-58.308330863178696,-33.992190978181206],[-58.306479151734536,-33.994757292911665],[-58.30353663186044,-34.00034002715617],[-58.30024921431206,-34.00183510637175],[-58.30001452260388,-34.004324914426576],[-58.29854694983824,-34.00490490344732],[-58.29719323484526,-34.0059439578498],[-58.297774666347316,-34.0073155225131],[-58.2930246689758,-34.01275848441749],[-58.291754342303925,-34.015384680847],[-58.28986236247821,-34.022068439185965],[-58.2903854733415,-34.025932998800734],[-58.28936013484079,-34.02656551854576],[-58.2865350048806,-34.026702974895535],[-58.27977814492908,-34.0304386252899],[-58.27458099734847,-34.03354758191786],[-58.272187852177176,-34.03537812594525],[-58.26985351630154,-34.03793220194906],[-58.26736664406487,-34.0393605115412],[-58.26563414026341,-34.04083680080808],[-58.26356602053577,-34.04155258404051],[-58.259531532245866,-34.04619158905189],[-58.25780631144877,-34.04778360611864],[-58.25549418009664,-34.049004905445976],[-58.25230026843857,-34.052628984864995],[-58.24726869249738,-34.05718561360622],[-58.246207503202506,-34.05912405463666],[-58.24482364264266,-34.06025934890294],[-58.24224838659275,-34.06375033259411],[-58.240538782570454,-34.065008977136266],[-58.235992501155955,-34.070833947713915],[-58.233270438858064,-34.07303553447521],[-58.23125903800274,-34.07571757512568],[-58.22803142655356,-34.0821706586475],[-58.2220532622839,-34.09150881736817],[-58.22068171801318,-34.09471582828396],[-58.219949396340176,-34.09707076600852],[-58.219225104787526,-34.10266662234988],[-58.21740802032506,-34.10914112209349],[-58.21814656730692,-34.1114806258263],[-58.219164935568315,-34.11234963472142],[-58.21886426528765,-34.11408371164682],[-58.21624075646903,-34.11633751325849],[-58.21372513701504,-34.12186284434516],[-58.21340782023388,-34.123851869051485],[-58.214362654412724,-34.12849111006023],[-58.21361851901041,-34.13197754860407],[-58.21505368867,-34.134441324970794],[-58.21657252795571,-34.13516998757354],[-58.217467836709844,-34.13633064315201],[-58.21729297635476,-34.13900595813257],[-58.21911378300788,-34.14066281755038],[-58.22021422547717,-34.14216017156331],[-58.22005305747346,-34.14303835008527],[-58.219091265887606,-34.14425096696712],[-58.21887267786402,-34.14609952929206],[-58.222112136916095,-34.14905173541679],[-58.22228724945361,-34.14959719024135],[-58.21909263731156,-34.15071965935688],[-58.21560807824858,-34.15422799508982],[-58.21166804778336,-34.159709194815356],[-58.210610190616265,-34.161742645036036],[-58.209970810704824,-34.16384733701887],[-58.20776551034317,-34.164333871948784],[-58.20536050578727,-34.164289379504595],[-58.20309163867516,-34.164709660147814],[-58.19492696713859,-34.16323077128274],[-58.19000332468299,-34.1635445321879],[-58.18759620759534,-34.16309012358045],[-58.18106239332231,-34.163834389415804],[-58.17866670665511,-34.16352107117557],[-58.176662392094,-34.16456552160617],[-58.162457261445304,-34.165187603344584],[-58.1527628259002,-34.164868664139185],[-58.1506084701869,-34.16434146251949],[-58.14798484867681,-34.16553586981433],[-58.136789266059424,-34.16653732848851],[-58.135329714135445,-34.16684174482546],[-58.132251608807266,-34.16838671137452],[-58.12987903897461,-34.16885233383952],[-58.12775414785953,-34.16868202635331],[-58.12182383832963,-34.16941281102413],[-58.11128437646874,-34.17192117091773],[-58.09081982950388,-34.18009005196979],[-58.07927466671686,-34.18606000671998],[-58.076801169120564,-34.188429981175965],[-58.07415603343039,-34.19005274327501],[-58.07188057519069,-34.19305967984957],[-58.07184878235897,-34.19401039106102],[-58.07325582701446,-34.19445002877118],[-58.07344705635792,-34.19489530071341],[-58.07201946174027,-34.19731224766341],[-58.0714542828926,-34.199303157085886],[-58.07031680375235,-34.200866290584266],[-58.06990819958999,-34.203059655323585],[-58.070374081331536,-34.20467054885793],[-58.07192168299743,-34.20542853821017],[-58.07307948389176,-34.20559223055147],[-58.07325490097044,-34.20610371698628],[-58.072644249445396,-34.206839512332785],[-58.0688620558512,-34.2071905932356],[-58.06618533947395,-34.20911803025476],[-58.062781012992005,-34.21357953713756],[-58.06112241246146,-34.22021090547013],[-58.061788709342856,-34.22225457910156],[-58.06316513272021,-34.223582161300655],[-58.06364925241916,-34.22472510347194],[-58.06491296377343,-34.22588234835947],[-58.06508559595015,-34.227486978814454],[-58.06480360858797,-34.22907309934615],[-58.06148123593214,-34.23002934954325],[-58.060229061084144,-34.232735985646485],[-58.05597110790887,-34.232403135998794],[-58.046889007022614,-34.232688795938785],[-58.0429032423557,-34.23353225247532],[-58.03802343124705,-34.23578007710587],[-58.033644126132046,-34.239227722818846],[-58.03296997837775,-34.24147912775704],[-58.03256465506529,-34.24524975423435],[-58.02887363250175,-34.24631045474276],[-58.02705245992909,-34.24740719199525],[-58.02307559610398,-34.24695510706386],[-58.01370533016941,-34.250602872867695],[-58.007227814199105,-34.253535747691295],[-58.00224937046862,-34.25627843759727],[-58.00195037633842,-34.25760329007682],[-58.00060898351512,-34.25807954778629],[-57.998959258377305,-34.25953430957722],[-57.99715964820484,-34.260380138970696],[-57.9959260133443,-34.261415266176016],[-57.99573871019239,-34.26379913565518],[-57.994327456712284,-34.2657275719051],[-57.99418517764047,-34.26730105405641],[-57.99166536297946,-34.26789968567018],[-57.99084927837072,-34.268703587068735],[-57.989719350862075,-34.26875496255596],[-57.98819952664569,-34.27364601691477],[-57.98335550281557,-34.27936446585899],[-57.97775323463964,-34.28411459465259],[-57.96992948351697,-34.29011068963161],[-57.96679017633873,-34.2938481170862],[-57.95923177957778,-34.30065958225645],[-57.95538669535924,-34.30343728856228],[-57.948139740251655,-34.31304637004707],[-57.945897668191456,-34.31838415747838],[-57.94479433430313,-34.319446864033104],[-57.94432711667208,-34.32037351569083],[-57.943313922573516,-34.32090979908868],[-57.94135234241965,-34.324848731776235],[-57.935696472029264,-34.33078968410701],[-57.9334017920943,-34.332344867105306],[-57.93310572131618,-34.333512940998034],[-57.9336847629817,-34.334266806455496],[-57.93323677500574,-34.33501206768458],[-57.918817724451145,-34.3458936578565],[-57.90980430192822,-34.35850589962243],[-57.90114460834325,-34.36869110657447],[-57.89766613354597,-34.37523357342192],[-57.89590391700044,-34.37772542541996],[-57.895565537024204,-34.380050691646645],[-57.89594417599777,-34.38421535496414],[-57.89572868117668,-34.386473851445835],[-57.89436668294426,-34.389783243608676],[-57.894275165241865,-34.391503346777256],[-57.893245281365914,-34.39488373790708],[-57.892879879767875,-34.40812473384682],[-57.89256302474768,-34.40906540773916],[-57.89317335316971,-34.410622568765326],[-57.893501157058715,-34.413019052210416],[-57.892410367787434,-34.41823896775436],[-57.89354349363436,-34.422587591579486],[-57.89380018773401,-34.4248848883585],[-57.893402816958414,-34.426241012104775],[-57.890616437029024,-34.42866521076604],[-57.8893870688768,-34.43067023996716],[-57.884910550790885,-34.436251688955444],[-57.88287201590476,-34.43710900499304],[-57.88117975153989,-34.43701614202864],[-57.87692789308977,-34.43828645878044],[-57.8686981239625,-34.44131488021287],[-57.86140186274293,-34.44330582194124],[-57.85881450386211,-34.44512222584117],[-57.85116950368239,-34.44894607541638],[-57.84864487581086,-34.45155370559857],[-57.84507653228707,-34.456593479423745],[-57.8438322524269,-34.45926182722486],[-57.843312837873185,-34.461124490245254],[-57.84350737177242,-34.46303099501468],[-57.84752028692656,-34.46805841937341],[-57.848928011671255,-34.468908920657775],[-57.85075789426802,-34.46934150930522],[-57.852885573568116,-34.47031154170949],[-57.85334809727841,-34.47242364540139],[-57.852241407673915,-34.47330040505154],[-57.8451510218485,-34.47350817892527],[-57.844505989104896,-34.47496541670645],[-57.84404496282885,-34.47520845443405],[-57.843039747255254,-34.474356827253104],[-57.842126208236934,-34.47454207200558],[-57.84156554281133,-34.47387471814837],[-57.83917098315131,-34.4725766315461],[-57.836568423310325,-34.47300527097022],[-57.82999100154229,-34.47298338315777],[-57.82800384673053,-34.47435877552456],[-57.82550407003341,-34.47444686394981],[-57.82046955884336,-34.472199506999225],[-57.81609786709506,-34.47074789694443],[-57.81435142335207,-34.47109786505771],[-57.81161332110458,-34.47111686706498],[-57.807228420253416,-34.471885127303025],[-57.803889980670995,-34.4710529767725],[-57.80054653470601,-34.469657071786884],[-57.79611067769934,-34.466868608885754],[-57.79386870535602,-34.46598179059419],[-57.7905314376824,-34.46508129144748],[-57.786674570614075,-34.46496241424629],[-57.78251853617071,-34.465822247284464],[-57.77937891894849,-34.46693753568917],[-57.77800524691877,-34.4687153051324],[-57.77835832631911,-34.47113762065206],[-57.777539987089476,-34.47188451056378],[-57.772001750653175,-34.470779776718885],[-57.77118331580755,-34.46906069675272],[-57.765706476926646,-34.46874506519439],[-57.76146565055693,-34.4670306973529],[-57.75988036810625,-34.464979959749286],[-57.754434564215764,-34.46142420914722],[-57.75056846734084,-34.45946638268355],[-57.74050764578782,-34.45575030572024],[-57.73824767934002,-34.45580036625492],[-57.734479746720076,-34.45474033645844],[-57.727540045385794,-34.455721121173966],[-57.723926269074205,-34.45968771911103],[-57.72459820385518,-34.46092998917881],[-57.724276084896196,-34.46158379951807],[-57.72054727612334,-34.4614397091602],[-57.70710838120333,-34.45465170376746],[-57.701003435240764,-34.45295587008864],[-57.681334372793,-34.44620524441015],[-57.67724707308041,-34.44525615517477],[-57.67422984223465,-34.44571175211565],[-57.67269028447957,-34.44682602289873],[-57.67121411885304,-34.446994184165604],[-57.669131057589695,-34.446560113325496],[-57.66129666886354,-34.44294111330123],[-57.6574267089292,-34.440226902397924],[-57.65424801496547,-34.439137239608016],[-57.650903893405854,-34.43859787377011],[-57.64615646190399,-34.438542677288346],[-57.63667091552995,-34.43573283227309],[-57.62416681583735,-34.43057257130732],[-57.61230514164766,-34.426692657288115],[-57.60515760117032,-34.425583502480016],[-57.591196869278114,-34.424617792659966],[-57.58386326409283,-34.42437823187275],[-57.57765433357437,-34.42524302397809],[-57.574307235935734,-34.42712013802193],[-57.57157282126074,-34.42782540945722],[-57.566096977804904,-34.4302666730613],[-57.5606659622037,-34.43411499641243],[-57.558283990284465,-34.43759401833823],[-57.555088089681384,-34.43942508494246],[-57.554344087222475,-34.44497491524724],[-57.551579054434896,-34.44570393270471],[-57.54992951905285,-34.446591095795526],[-57.546788525504326,-34.447001542688746],[-57.54507456124299,-34.44893187127307],[-57.544072382995886,-34.45129411393299],[-57.53983185609618,-34.45310124617624],[-57.53841464275588,-34.454290892485865],[-57.537015297573426,-34.454231713630016],[-57.53322518694401,-34.45305210077351],[-57.53118140249363,-34.45035510300936],[-57.525029522772826,-34.44682894886405],[-57.505470190947094,-34.438017745618566],[-57.49819590191124,-34.43541562469252],[-57.488420169327135,-34.431277909835764],[-57.47569248849707,-34.427928631874984],[-57.46814620935988,-34.427429327464324],[-57.46722409501485,-34.42624370722186],[-57.46125972284539,-34.42654817013301],[-57.45303398628447,-34.42819318618117],[-57.45208456060635,-34.429531307777125],[-57.44933646292451,-34.430525701579754],[-57.44587673738664,-34.432714889474774],[-57.44391927178906,-34.43504650923415],[-57.4425972692669,-34.43884240917042],[-57.44416851266701,-34.44096996414816],[-57.44178547134113,-34.44195168224916],[-57.43614363411192,-34.439974934417286],[-57.43170331293885,-34.43916478580748],[-57.42925215657668,-34.43755473860568],[-57.42609191630901,-34.43609051061425],[-57.41835660675444,-34.43315884456083],[-57.403475328167936,-34.42835606486703],[-57.39499460893797,-34.42691855333918],[-57.38914289083717,-34.42646432882005],[-57.382984373166764,-34.42661893693388],[-57.37756700810752,-34.427601359149996],[-57.35958864710776,-34.42881811834811],[-57.35502990542746,-34.42960189369817],[-57.352299929698674,-34.43068713535304],[-57.35158217329965,-34.43656225128399],[-57.35069974302045,-34.437486216315264],[-57.34605537559525,-34.43962119560344],[-57.34274887027577,-34.439646371363814],[-57.33885791221064,-34.44067306449495],[-57.33349693824776,-34.44049220059127],[-57.33017277207732,-34.44145163971964],[-57.32696185380286,-34.44119322560941],[-57.3232568654075,-34.441671093165915],[-57.31087233091712,-34.43891374619267],[-57.30390543089055,-34.43783371597747],[-57.29941626076499,-34.436592868859286],[-57.28387790856028,-34.43518432367344],[-57.266913425489534,-34.43495169843223],[-57.259892595263025,-34.435586256471424],[-57.231163897620604,-34.4368814316365],[-57.219879304520866,-34.436832334151354],[-57.207534366405554,-34.43754707797172],[-57.200086253211595,-34.439201799400635],[-57.17494048207525,-34.443348654895246],[-57.16276946599842,-34.4445345097814],[-57.158672585757905,-34.44550342723981],[-57.15292472658143,-34.4458577971769],[-57.14860985000415,-34.44716620618602],[-57.137197833653325,-34.44829645257946],[-57.12800249033032,-34.45190651447226],[-57.11985121457441,-34.457490522513844],[-57.110409064384996,-34.46188684240692],[-57.1092587724392,-34.46193639358091],[-57.109169365683016,-34.46389005146449],[-57.102709701082595,-34.46785566035229],[-57.093906190209,-34.474268419482485],[-57.0903529082422,-34.47810672193597],[-57.088019657650285,-34.481142071951844],[-57.08099859781438,-34.48760572898349],[-57.080265541341674,-34.489683582837806],[-57.08085424197519,-34.49120968704013],[-57.07964134606701,-34.492810148384436],[-57.07848215159011,-34.49548970805871],[-57.07527984514594,-34.50018679774352],[-57.069395596931365,-34.506589683103904],[-57.06582963367859,-34.51251691674102],[-57.06434033648469,-34.5155258200026],[-57.063408171645186,-34.51833080135761],[-57.06338258456685,-34.52127485058263],[-57.06262065691676,-34.52367535101613],[-57.05723819482703,-34.52797876448781],[-57.04582228022495,-34.534210108975486],[-57.018177109484014,-34.54805313480254],[-57.01083228152471,-34.550959639458966],[-57.0069558153212,-34.55326341169714],[-57.00367867153401,-34.556246775434815],[-57.00144335629398,-34.55742091905315],[-56.99949782369155,-34.559057302998866],[-56.99797206921905,-34.55956922386948],[-56.99162759209609,-34.563001359408005],[-56.98082746281238,-34.57191288968477],[-56.95521866846252,-34.59393648228511],[-56.95337260876183,-34.597093762929084],[-56.9474093317443,-34.60090598534372],[-56.9381525739374,-34.60810118727428],[-56.925566158275345,-34.61592502488892],[-56.918704150903025,-34.61953053626022],[-56.91373646398713,-34.62414650086745],[-56.90977926958915,-34.62690728495444],[-56.900977585419646,-34.64051245743274],[-56.89827179343997,-34.6462028362247],[-56.89608909748257,-34.65324693024273],[-56.894930806442,-34.65516835309324],[-56.88476214620645,-34.65970374665389],[-56.87813870120174,-34.662078195645314],[-56.87532950749029,-34.662120990808276],[-56.84224404264266,-34.67225498093077],[-56.83935917859519,-34.67382929075594],[-56.838394915110825,-34.674970602622224],[-56.83171508547932,-34.67700582497771],[-56.82550935097686,-34.6803733024235],[-56.82246712422718,-34.68482836975142],[-56.81978458687911,-34.68801120112595],[-56.80901393091402,-34.68939538026382],[-56.78979542922325,-34.69310962657925],[-56.776807195427516,-34.69489232825921],[-56.76751217517579,-34.69513175245339],[-56.75381903399788,-34.69752622434054],[-56.73776112220801,-34.699576742853424],[-56.69916434947475,-34.70692030655567],[-56.697963692093644,-34.707786454088605],[-56.6801758437488,-34.709830294616026],[-56.668204241294916,-34.712545067050144],[-56.667238454493656,-34.7131320374855],[-56.635216159058906,-34.72193487580643],[-56.62539671500328,-34.72568157640738],[-56.616433685266614,-34.73144034401822],[-56.6069885334639,-34.73603841281607],[-56.58144391298933,-34.74554398942901],[-56.57322934995736,-34.7497815307722],[-56.565162276835764,-34.755795321277816],[-56.55754515242207,-34.75917733602861],[-56.5545167034026,-34.75893999949149],[-56.528328976696116,-34.75216849240631],[-56.51300624283914,-34.7504899620483],[-56.49623629348848,-34.74920981034402],[-56.483271969183676,-34.74920807],[-56.462660854768984,-34.751761382558094],[-56.45464131193161,-34.7507494013187],[-56.44316770330035,-34.75358415401461],[-56.433156820273794,-34.757817833179566],[-56.42387818615193,-34.764500779684894],[-56.41204348871076,-34.76972063742727],[-56.40896077926615,-34.77070944934119],[-56.40483025628874,-34.77073033109878],[-56.398844056114704,-34.771774118707775],[-56.385742068269586,-34.77575934881925],[-56.37906775534818,-34.778627435340205],[-56.37576928339666,-34.78071862215189],[-56.370405865607935,-34.78192956348672],[-56.36482609524091,-34.782520424666444],[-56.35775165387294,-34.78160630960425],[-56.356025755140735,-34.782124249136544],[-56.35434019938673,-34.78756158823156],[-56.35386881492941,-34.79070174458641],[-56.3550391030457,-34.79238847900112],[-56.35667268850927,-34.79254013057679],[-56.356268445644425,-34.79350802791309],[-56.356653192615724,-34.79476934268337],[-56.36070296071861,-34.79605980758123],[-56.36256086482182,-34.79904279668417],[-56.36354953202439,-34.799642821085385],[-56.37390099472996,-34.79953691501807],[-56.379208083870395,-34.79798275018854],[-56.38842659091464,-34.798236003185444],[-56.38881281807234,-34.79865181082634],[-56.38900862213472,-34.800726685623],[-56.390273672374015,-34.80200762187681],[-56.3937029392024,-34.80348826792124],[-56.396103389741285,-34.805192013975],[-56.39848700613427,-34.80601640829518],[-56.40117070438064,-34.80599998868982],[-56.40420271320776,-34.80814215022282],[-56.40461859927755,-34.8094538126168],[-56.40457143325116,-34.810668325940306],[-56.406196914766156,-34.81185799562656],[-56.406159172444696,-34.81306361507447],[-56.40706697516539,-34.81506330768867],[-56.40858274450862,-34.81591522795174],[-56.409187804787415,-34.817084918653975],[-56.41308598410066,-34.818166602125366],[-56.41419619991811,-34.81921455350373],[-56.41576106581918,-34.81971133010982],[-56.418424272199836,-34.8230040203119],[-56.42092915307,-34.822679020693286],[-56.424465847759805,-34.82507593642863],[-56.42639476873423,-34.82704220351933],[-56.42768253851157,-34.82762426075587],[-56.43058219837489,-34.8280572274181],[-56.43043123872538,-34.83014627850935],[-56.428542325667976,-34.83062351399229],[-56.42837088186019,-34.834066696754945],[-56.42785297523751,-34.834472140606046],[-56.42598860378669,-34.834747782690435],[-56.42456569699256,-34.83663529081496],[-56.42347916016599,-34.83727917279237],[-56.42131684646209,-34.837296519488085],[-56.416744404463316,-34.839604760429395],[-56.41276955511994,-34.83937903936653],[-56.411603403041326,-34.8397466538684],[-56.410641757468625,-34.84058889483503],[-56.40675573921974,-34.841428421909995],[-56.40033284645448,-34.84164980081118],[-56.39856529412271,-34.84329747299239],[-56.39582312951587,-34.842896721637565],[-56.39095914659681,-34.84450197318964],[-56.388676669396006,-34.84587394382639],[-56.388425195072884,-34.84652019008895],[-56.388847062714596,-34.84740964753121],[-56.3888530985895,-34.848452962762],[-56.38842196934609,-34.849179921660955],[-56.38437893150311,-34.851358988993496],[-56.382855410506814,-34.85104978698911],[-56.38123331698057,-34.851449625831464],[-56.38016996013249,-34.85245606444255],[-56.380779773091504,-34.85522761132304],[-56.38050255348463,-34.85660497885358],[-56.37971706370024,-34.857230452640934],[-56.37732913334284,-34.85715754068125],[-56.37618381796836,-34.8576332004943],[-56.37545312139292,-34.85859337375429],[-56.37556102315146,-34.8592150164733],[-56.37630837495863,-34.86011117499232],[-56.37616105260392,-34.860632503984384],[-56.37368180576613,-34.86194281628041],[-56.370212580788206,-34.861756152155984],[-56.36841002443789,-34.86265138987167],[-56.367683652433556,-34.86256494265104],[-56.36670590327267,-34.8629249331986],[-56.366482541460925,-34.863301894902015],[-56.36681095908611,-34.86454637332593],[-56.36483176739654,-34.8656148259452],[-56.36388113694943,-34.86563578442459],[-56.36246351999219,-34.8648317549098],[-56.360386064879954,-34.86620740519892],[-56.3592430438082,-34.86628642025717],[-56.357497680121085,-34.86612620375659],[-56.35604532902409,-34.86543271352027],[-56.35422995588774,-34.86667977705819],[-56.35428482497968,-34.867996946986125],[-56.353897867156036,-34.86833438225703],[-56.35299187384899,-34.86789375752925],[-56.3519630551089,-34.86607219545484],[-56.351583607148335,-34.86591482013627],[-56.35072053721641,-34.866180533499424],[-56.34987829610577,-34.86760043262931],[-56.3484642991507,-34.86768154324705],[-56.348289186019954,-34.86864456338888],[-56.347571248079305,-34.869543867735295],[-56.34457831855639,-34.869740841912936],[-56.34301525440101,-34.869370517277645],[-56.339647513260026,-34.870565908520405],[-56.337771535617684,-34.87324853249563],[-56.335658298555764,-34.874597250565834],[-56.33482574389721,-34.87560183639762],[-56.33395496895784,-34.877862175140734],[-56.33431910921197,-34.87877878632168],[-56.333013277392396,-34.879891089553794],[-56.33288980397252,-34.880572647852865],[-56.33224205762641,-34.88120256210912],[-56.33250830072594,-34.882681646502604],[-56.33207876484697,-34.88356843008978],[-56.33339898943949,-34.884950093947616],[-56.3335925424218,-34.88599272986467],[-56.331817660261784,-34.88703000050717],[-56.3312193447332,-34.88816282969984],[-56.33116200745104,-34.88930245100092],[-56.33194958580225,-34.88999465127458],[-56.33192849863527,-34.89046847241638],[-56.33078214,-34.890710027078434],[-56.32875197303388,-34.89050845622745],[-56.32532549535608,-34.89159391521976],[-56.324357378576195,-34.89227835363779],[-56.32430522611276,-34.89305437106525],[-56.32391737037683,-34.89346428065608],[-56.3211548564994,-34.89408074424208],[-56.31947445942459,-34.895480713234164],[-56.3188292841985,-34.896558565838546],[-56.316189528326724,-34.89811768450126],[-56.315467924847646,-34.89969695890672],[-56.31368801894753,-34.90160749349778],[-56.31378269459987,-34.902129397129855],[-56.315101848929956,-34.90267850935577],[-56.315241704553,-34.904339222038516],[-56.31392818380992,-34.90429284542002],[-56.311951103025656,-34.90509306900365],[-56.31139863463766,-34.904895615811256],[-56.310946292386994,-34.903301638072385],[-56.308975692079585,-34.90258748437049],[-56.30933106866343,-34.90192997201962],[-56.31081969216621,-34.901702679052775],[-56.311876158492865,-34.900942689587865],[-56.310841454312566,-34.899643205632934],[-56.310056166221344,-34.89749741509633],[-56.3079944930031,-34.89628208921091],[-56.30716404988227,-34.897406367337375],[-56.306721099031805,-34.897461212990066],[-56.3053498710132,-34.895110693303636],[-56.30335944797499,-34.89387454809559],[-56.30035992880762,-34.89309675725436],[-56.29898684298213,-34.892877623243294],[-56.29819516493777,-34.893105297920684],[-56.29674449475359,-34.892661030048004],[-56.293785208894356,-34.89385662537658],[-56.29224872948949,-34.89506197550907],[-56.291023665819445,-34.895113186017994],[-56.28985174990006,-34.8939938331333],[-56.28940782861749,-34.89399383412384],[-56.28687621048821,-34.89647249819136],[-56.28822890961862,-34.897763151768025],[-56.28847536115846,-34.898644887950596],[-56.28614472930156,-34.89954139269082],[-56.28571302849575,-34.899108215879416],[-56.286274637678616,-34.897438724732204],[-56.28452452849909,-34.89475984239614],[-56.283340234785335,-34.89418004133724],[-56.27841547541079,-34.893949772204266],[-56.276287436047255,-34.8971289023295],[-56.277672091512166,-34.89926827901747],[-56.27733893234421,-34.900230629646266],[-56.27596997847236,-34.901002991476034],[-56.27466262502686,-34.901006285941875],[-56.272392566066145,-34.89783509851539],[-56.2698230845285,-34.898058224776946],[-56.267111984632706,-34.89898145781657],[-56.26695069639985,-34.89936883086276],[-56.26734435473393,-34.900435328132644],[-56.26517650269225,-34.90173404330748],[-56.26291416123886,-34.90177649805744],[-56.25978006171237,-34.90283167134038],[-56.259355466635405,-34.90453697221525],[-56.25986645707143,-34.90543416125938],[-56.25858594531525,-34.905768713590696],[-56.25718494955881,-34.90481841898568],[-56.25883451939107,-34.900557774589466],[-56.25850531028785,-34.899353064349114],[-56.25681844261292,-34.898046861078235],[-56.252708745865355,-34.89594799781941],[-56.24564466578186,-34.895433109262484],[-56.24483750423052,-34.893929923484244],[-56.24523804491463,-34.89215908798121],[-56.244806005149165,-34.88980442364714],[-56.24550101391645,-34.88512015684134],[-56.24470980036037,-34.88299259656165],[-56.2450066884799,-34.882658767860484],[-56.24619909710995,-34.88253904672161],[-56.24833738249024,-34.87964737886198],[-56.24786646246801,-34.87692754473538],[-56.245468231993755,-34.87575527558497],[-56.24309022973238,-34.875688662042386],[-56.24240219271426,-34.876035508805636],[-56.240737687802856,-34.875272869815895],[-56.23749495858163,-34.87674114661875],[-56.23585497840595,-34.87889906303055],[-56.23399184434176,-34.87961652420434],[-56.23294666150488,-34.87827117073932],[-56.23178205991332,-34.87867775984714],[-56.2312457457019,-34.87927480233788],[-56.23008286664725,-34.87890242465679],[-56.22624467923915,-34.87234123150385],[-56.221526373947945,-34.87295985962322],[-56.21870753341021,-34.873665452034835],[-56.21492389491209,-34.87366830664212],[-56.21082386896685,-34.875532829697164],[-56.2104262102862,-34.876197777285896],[-56.2050547948929,-34.8793621804725],[-56.20254829111614,-34.8812243441205],[-56.2011699895986,-34.882732348012716],[-56.19994817002663,-34.88244214913884],[-56.19837598660606,-34.883973634213255],[-56.19765425006374,-34.88887689185461],[-56.197924325169396,-34.88945831783958],[-56.1978214095788,-34.89089990926121],[-56.197345591041625,-34.89150572172427],[-56.19732833026734,-34.894196156990475],[-56.19681373360892,-34.896544207289345],[-56.19726126794259,-34.8990709133806],[-56.199705207646986,-34.90025727710565],[-56.20112045649464,-34.90023997882921],[-56.204585014877374,-34.90106655114545],[-56.20589408320802,-34.90049766581524],[-56.206390124648024,-34.901502142109905],[-56.211337780759045,-34.90326995377157],[-56.21332316969008,-34.9023418010765],[-56.21351608184521,-34.902808712877366],[-56.21271807902549,-34.90459100544619],[-56.2130013911628,-34.90502041143319],[-56.21412070029757,-34.90531106522494],[-56.21694905821324,-34.90351957779028],[-56.2178685926087,-34.903840886211434],[-56.21795779381023,-34.90436943242109],[-56.21659290793922,-34.90536616007926],[-56.21530747874499,-34.90808906430624],[-56.21517340545957,-34.908739988411035],[-56.21585974526738,-34.909773718306106],[-56.21584529417586,-34.910562685277355],[-56.21334151150637,-34.91049001575675],[-56.21194555697826,-34.91131482695214],[-56.20986570316369,-34.91161009111562],[-56.20495705055085,-34.91017973459344],[-56.202052862707816,-34.910107414699404],[-56.19988439701312,-34.91066249545155],[-56.19946850474607,-34.9118130737593],[-56.198831904883086,-34.91225817747837],[-56.1938780428748,-34.9123382677829],[-56.19179511772624,-34.912998569972046],[-56.18771189738783,-34.91498710393078],[-56.18513260479523,-34.91566942927594],[-56.18041909258694,-34.914530670770645],[-56.17878686247471,-34.914613131552706],[-56.17808601180795,-34.91424264402659],[-56.17400999558062,-34.91417592724358],[-56.172949448700656,-34.91481831],[-56.1713937025273,-34.914390808160576],[-56.1702394116392,-34.915543771777365],[-56.16962222,-34.917603818687645],[-56.169915354777935,-34.91864283163163],[-56.17247065447748,-34.91989584966715],[-56.172175803845654,-34.920572977390506],[-56.17070671298353,-34.92151845407806],[-56.17090715466682,-34.92266568056303],[-56.17163686774686,-34.92344148941607],[-56.171518639081356,-34.924782510098616],[-56.16656908323153,-34.92627064867089],[-56.16382469607057,-34.92821371871661],[-56.16159656358344,-34.92894880776626],[-56.160991076797295,-34.930163508745224],[-56.15956540983119,-34.93177682138985],[-56.15910930525622,-34.931507961613185],[-56.158810218288224,-34.929004773584886],[-56.1579504031498,-34.927459188816364],[-56.153882467382964,-34.925326064829804],[-56.15346096441005,-34.924745212157255],[-56.151933954955354,-34.924470627243736],[-56.15172012352709,-34.922829425531965],[-56.14738822414032,-34.92038342458297],[-56.147393725810275,-34.91991254315601],[-56.14843966970423,-34.91906993392074],[-56.14888458735632,-34.91804998300247],[-56.14884989945948,-34.91716010060888],[-56.148495881153366,-34.91554860538684],[-56.14691704004327,-34.913252035505],[-56.14327288839397,-34.91063187159155],[-56.140992901969526,-34.90992160397813],[-56.139550021270466,-34.910144498341054],[-56.13909764934603,-34.911407630465064],[-56.138682118171694,-34.91167668521015],[-56.13788192611403,-34.91175379024772],[-56.135310741287704,-34.91104175237914],[-56.132178106938106,-34.91182821923756],[-56.13057857067976,-34.910857368268616],[-56.130389710876685,-34.910297096964094],[-56.130724858647255,-34.90991026243284],[-56.13241081285864,-34.91006602829087],[-56.13326793383134,-34.90904733517398],[-56.13303962905442,-34.90731443457359],[-56.132091831018485,-34.9054282094122],[-56.13083536322514,-34.90480126272908],[-56.12837652140611,-34.905940534607346],[-56.12769300559883,-34.90593346830121],[-56.12410344939177,-34.90492883848003],[-56.12273611551433,-34.903761410024856],[-56.12317198038495,-34.9021226172606],[-56.12160587835818,-34.90011070830482],[-56.120315356909195,-34.8991607211577],[-56.11675543130025,-34.89793014920352],[-56.11573452041063,-34.89779564985688],[-56.11413320439478,-34.89824573130698],[-56.113324476402205,-34.898016330591176],[-56.11267269571987,-34.897398960063235],[-56.105968517744664,-34.89684907856534],[-56.10257129578868,-34.8974716121006],[-56.10149169079439,-34.89801382151629],[-56.10085673740887,-34.89914432128411],[-56.10046925702624,-34.89929797302605],[-56.09969754511293,-34.89803054448335],[-56.09796735395866,-34.896974989638004],[-56.09581693485816,-34.896879388538814],[-56.09458680865129,-34.89600864675062],[-56.090586559089296,-34.89516253630233],[-56.08866655863919,-34.89547267716985],[-56.08533372591441,-34.89546186331667],[-56.08280250310288,-34.897828687112955],[-56.08181498038306,-34.89999907439306],[-56.08089838430492,-34.89996993175005],[-56.07902737001935,-34.89859680363576],[-56.07642281731059,-34.897806637381876],[-56.073122140819784,-34.8982272682546],[-56.071879788221175,-34.899609089748765],[-56.06904352316532,-34.89914356037404],[-56.06687846407336,-34.89975775909267],[-56.06339802093478,-34.898986199928125],[-56.059132050558595,-34.894983244528326],[-56.054742479694106,-34.8920941964138],[-56.02734998558042,-34.879626360028084],[-56.024498730895466,-34.87873405298565],[-56.01799268022762,-34.87448328335389],[-56.000885150283324,-34.86474205547741],[-55.96641050270881,-34.84364802885042],[-55.96428218137033,-34.84254583367439],[-55.95950465910597,-34.841000428874565],[-55.9533687744345,-34.836300715349594],[-55.95079419557475,-34.8356617836364],[-55.94879091472335,-34.83576874204269],[-55.94806141532805,-34.835492083666765],[-55.94419550407522,-34.83235948280287],[-55.93243937261016,-34.82491081139663],[-55.92533936581524,-34.82093357014263],[-55.91251247369772,-34.814157103927556],[-55.90221105301855,-34.80914740531196],[-55.88258680475091,-34.80026367455678],[-55.877442803339136,-34.7983992522973],[-55.86951037406441,-34.79595265429145],[-55.86431703262597,-34.7955472],[-55.86105684729909,-34.79597733600106],[-55.85899185324498,-34.79547717108167],[-55.85277164123559,-34.79336459323789],[-55.843025736904366,-34.78879687918269],[-55.83137272415511,-34.783958263711554],[-55.82468338489527,-34.78156559775988],[-55.8050886495283,-34.7752634774647],[-55.793074390145954,-34.77195754192852],[-55.78699190093969,-34.770779751613446],[-55.77745998232375,-34.7709352884535],[-55.77036357233967,-34.77232376310241],[-55.76534423760482,-34.774617455466],[-55.762695631736165,-34.77831039346087],[-55.76215941145694,-34.78105862093507],[-55.760799115330784,-34.78130999623066],[-55.75803069350304,-34.78030627567858],[-55.75553046349656,-34.779971998101935],[-55.75190146640389,-34.78106694766538],[-55.74918979035931,-34.77963044655412],[-55.720635834600046,-34.76890254778023],[-55.711242045442695,-34.76614746468089],[-55.705758556494665,-34.764887414424436],[-55.70362263171614,-34.76486655696801],[-55.69250761935399,-34.761818547515944],[-55.68352343517524,-34.76137092942634],[-55.67265171426376,-34.76247165202631],[-55.66939212079955,-34.764306226943525],[-55.663857913072064,-34.766114053607474],[-55.660847699965,-34.767947781985775],[-55.659515886316925,-34.76948273832531],[-55.65824267107414,-34.771590696563806],[-55.65825220727612,-34.773446640300996],[-55.65373028539469,-34.77636396395484],[-55.650168673143895,-34.779268707295465],[-55.640955221875046,-34.77626718755719],[-55.62538874766287,-34.77299354265184],[-55.617692601492436,-34.77190132849738],[-55.60931416255696,-34.77129711803841],[-55.600700008027374,-34.77161878144882],[-55.59685965211286,-34.77245478031664],[-55.58440327298221,-34.77718934849164],[-55.58049370011309,-34.77974072076051],[-55.57974801580607,-34.78135103845228],[-55.577270750041855,-34.78247822276665],[-55.572046604266504,-34.78332055037149],[-55.56425620132645,-34.783886344030535],[-55.56206048221163,-34.784430623561896],[-55.559741299224385,-34.78540850016755],[-55.5580157304245,-34.7870217038868],[-55.556252959442986,-34.78785577316973],[-55.55552115768235,-34.78877959963221],[-55.554290216745265,-34.78943754641495],[-55.547289064627314,-34.78886976100083],[-55.54220276854902,-34.79075238254033],[-55.53784363914376,-34.79195488339406],[-55.53649865161654,-34.79278386674173],[-55.53451728520603,-34.79507704408623],[-55.52877897454609,-34.79584756962809],[-55.52759027320535,-34.79694412771501],[-55.513311715952725,-34.79449929336519],[-55.50715837116677,-34.79389606044094],[-55.50343941770989,-34.79397323512117],[-55.50118476614953,-34.794352737502976],[-55.499022566284985,-34.79524678972682],[-55.4977009151851,-34.79627941639478],[-55.49669515234849,-34.79809878841709],[-55.49274125888425,-34.798485667380575],[-55.474240430320656,-34.79526709572462],[-55.46592506535213,-34.794703658519694],[-55.459591227922154,-34.79365100348067],[-55.43628971142519,-34.791070317097045],[-55.42786426611666,-34.79111223126693],[-55.413912851312766,-34.78934332605678],[-55.409307910935894,-34.78917882568374],[-55.40687280186904,-34.789514118062904],[-55.403534808607844,-34.790706408462505],[-55.39750185151674,-34.789143987438905],[-55.395688002192124,-34.788075629785226],[-55.39501103639155,-34.78587953236302],[-55.39519604659059,-34.78401579306153],[-55.39778929586595,-34.77880919279624],[-55.39439645202449,-34.77746061417292],[-55.39107452441108,-34.781849567361554],[-55.390486080259315,-34.78438864860698],[-55.39174045444109,-34.78706294763308],[-55.392987211684435,-34.78812282838329],[-55.39457738970513,-34.79082303463334],[-55.39562721186528,-34.79107830767788],[-55.39576925470197,-34.79156662526504],[-55.38815730126628,-34.79356387010948],[-55.386144012836795,-34.79509907461119],[-55.384977281289686,-34.79716443432962],[-55.38468701818912,-34.79835319679612],[-55.38553483299139,-34.79961136455937],[-55.3850458994684,-34.80099388462975],[-55.382347121011236,-34.80149805135611],[-55.37550284379855,-34.80155571615231],[-55.3661027277553,-34.80247774263878],[-55.36210722698192,-34.80387616659038],[-55.35467608958037,-34.805118330842596],[-55.34544426421048,-34.80749635681276],[-55.34354645218945,-34.80886063248648],[-55.3380854980288,-34.8108501741124],[-55.334608375433945,-34.813017337235635],[-55.329950670103074,-34.815187398790826],[-55.32859762936041,-34.815670153820264],[-55.3277664600457,-34.81548429018106],[-55.32701178323715,-34.816986625877],[-55.32311418037321,-34.81962255458405],[-55.32215032805463,-34.820629379299085],[-55.31953428012907,-34.82186916010843],[-55.31873105623995,-34.82267293747971],[-55.317738849077536,-34.82454742375657],[-55.31723682805625,-34.82645843659699],[-55.315453098593004,-34.829193896618506],[-55.31263106577491,-34.83229624877601],[-55.31246427563761,-34.83368270766777],[-55.31113114064434,-34.83512352768699],[-55.31096395880234,-34.83632546203654],[-55.30606115198046,-34.83875075390875],[-55.30261526686981,-34.84196189986377],[-55.30204128400651,-34.84412557000299],[-55.30328714409842,-34.847765950579635],[-55.303883180299586,-34.848346075823926],[-55.30400082649281,-34.85069899470252],[-55.303720740765755,-34.85177372421306],[-55.30209679049207,-34.853682606936516],[-55.29830287395696,-34.85388346768611],[-55.29398415809844,-34.85513392130475],[-55.28822611031625,-34.85737979575473],[-55.28255145688104,-34.86072287159075],[-55.279520955428914,-34.862957900909365],[-55.27725126125806,-34.86589565574162],[-55.27584725482138,-34.86834754586115],[-55.275285962574415,-34.87026072578215],[-55.278782053148184,-34.87413997387061],[-55.28034938042914,-34.874505886080634],[-55.279690116838346,-34.87578915698134],[-55.28047479135885,-34.87688134472435],[-55.27886798558316,-34.88117914200119],[-55.27881952156959,-34.88224313767548],[-55.279047759551254,-34.8831638511762],[-55.28104189467743,-34.88507666463064],[-55.28153407001707,-34.88691570593533],[-55.2814623564966,-34.888032579420035],[-55.281102208063004,-34.8885185845639],[-55.28008736509169,-34.8889092069854],[-55.27704902631594,-34.88838031],[-55.27237976968908,-34.88871942519406],[-55.26476381854704,-34.89109643680679],[-55.26255859566142,-34.89134791039947],[-55.2594477529167,-34.89464695800562],[-55.258773844831474,-34.89585758031186],[-55.259046532805854,-34.8970075585893],[-55.259946618338255,-34.89794163452972],[-55.261463302717196,-34.90053998684914],[-55.26185235629719,-34.90277931727255],[-55.261141336288816,-34.90351341180363],[-55.25960884215471,-34.90361589394068],[-55.253875260791766,-34.900793465119904],[-55.251110678095,-34.899896029619946],[-55.24415557954632,-34.89944017750571],[-55.24083233345353,-34.90022849661719],[-55.23954557780149,-34.90201506016999],[-55.237193686276996,-34.903016090081444],[-55.233873717816564,-34.90112982934347],[-55.230065780784024,-34.89792256220455],[-55.21844602618718,-34.89319417634353],[-55.20245126179086,-34.88861648804853],[-55.18399009206984,-34.884160412439634],[-55.17613860789132,-34.88264707517],[-55.17080171790518,-34.882347178951676],[-55.16485959473133,-34.88142504376166],[-55.15654187813204,-34.880790129200136],[-55.151629988416026,-34.880033483006486],[-55.14743865102613,-34.87974646111695],[-55.144665863989275,-34.87991142405509],[-55.141537833490744,-34.87916893419229],[-55.13615221400595,-34.87899200345587],[-55.13285126396134,-34.87852726723962],[-55.11425626190966,-34.87835537002529],[-55.10749555499658,-34.87777469792626],[-55.1006646428402,-34.877777919086256],[-55.099359284522066,-34.87736892],[-55.07312447566387,-34.87789604943276],[-55.06110733764041,-34.88050709493547],[-55.05638898356888,-34.88232695693218],[-55.05340621570818,-34.88295756452147],[-55.045862173995836,-34.88728077653719],[-55.041479756606115,-34.89124849905823],[-55.04069782575248,-34.89399740365916],[-55.041536116470596,-34.897377312227874],[-55.044934915864964,-34.90054233590999],[-55.04582973699934,-34.90171022868505],[-55.04624961420753,-34.903009479507034],[-55.0462551128986,-34.904480987751086],[-55.04567887336758,-34.907128668496554],[-55.04566282718269,-34.91249367860442],[-55.04522209923628,-34.91249040309142],[-55.043549001300555,-34.91112329690637],[-55.0371588527009,-34.909594030088705],[-55.03096547499676,-34.9090076490043],[-55.02317992480892,-34.90901147132337],[-55.02021626055697,-34.909869013490045],[-55.015780365181236,-34.91035662062021],[-55.01480185142614,-34.91144741543285],[-55.014222163134804,-34.91118476669237],[-55.0139184672703,-34.91005721968699],[-55.01234000352357,-34.9092143898699],[-55.006184492323335,-34.90929249278993],[-54.999069806295765,-34.91026835871757],[-54.989852459546924,-34.912669713583874],[-54.98282714934758,-34.915076814361164],[-54.9745944822918,-34.918810566248354],[-54.971338081482145,-34.920779114051044],[-54.965784898230574,-34.92480034879667],[-54.96392203805616,-34.926841892401846],[-54.955401169131186,-34.933835237206566],[-54.95196253295999,-34.93752418141455],[-54.9446365228595,-34.94443717147224],[-54.94252069068796,-34.94757505219464],[-54.941333144963856,-34.94945308418094],[-54.94105115243316,-34.955530611621654],[-54.94230528173805,-34.956942500902954],[-54.944297061586,-34.95737094206472],[-54.9457388378101,-34.95837536647859],[-54.94611224296847,-34.959111236225525],[-54.94647047157114,-34.9618545341626],[-54.94749646575085,-34.96387394804591],[-54.94852309805313,-34.964248277789814],[-54.949827617477,-34.964185532045214],[-54.95188643296019,-34.9629500059632],[-54.95243634200522,-34.964054253684175],[-54.954020702010986,-34.964456922454005],[-54.95443460256446,-34.964933117732365],[-54.95482923109357,-34.965737515109026],[-54.954937881328554,-34.96870895959975],[-54.95401497399728,-34.971753134255565],[-54.95312828405085,-34.972693848913984],[-54.95150932656421,-34.97347729120888],[-54.95156247306856,-34.97409383977739],[-56.78320786894904,-36.29142203106043],[-56.78430809009491,-36.29159891644274],[-56.78443483197086,-36.29205852165795],[-56.783667818439845,-36.293059898352425],[-56.77868310775196,-36.29728515238175],[-56.77789706449838,-36.299501556415294],[-56.777941119831155,-36.30307218357634],[-56.77747589131968,-36.30792404675555],[-56.77909349623601,-36.313676673689244],[-56.77663278807683,-36.31620230718736],[-56.77511724166892,-36.31832403361332],[-56.77354857840777,-36.32314478162953],[-56.77270509171979,-36.32423644334223],[-56.77015605679714,-36.32601156019209],[-56.76661340834379,-36.32723437159099],[-56.76586354283096,-36.328605839920016],[-56.76568586044094,-36.33011338422421],[-56.76908824371244,-36.33153658679452],[-56.76859928638068,-36.333094652371614],[-56.76900223856679,-36.3346354061547],[-56.76751111686994,-36.336770344583144],[-56.767649447129884,-36.338066410470844],[-56.769055336685284,-36.33855236392195],[-56.77162090130769,-36.33790360144129],[-56.77225260475423,-36.33632440111117],[-56.77374502337024,-36.334275640090404],[-56.775723293151934,-36.33240109722523],[-56.77712303819094,-36.33162294959868],[-56.777806888926506,-36.33171953050503],[-56.77908672161617,-36.33114662554537],[-56.78007782988686,-36.32927648430392],[-56.7800889099169,-36.32785662004331],[-56.77939283450543,-36.32595979831471],[-56.777344039330885,-36.32353235363125],[-56.77712184932583,-36.322011685887325],[-56.77764261045887,-36.320843632750275],[-56.77874485792975,-36.32051322906356],[-56.780421588974704,-36.32058265040713],[-56.781930987587714,-36.321438537816306],[-56.78575009617459,-36.32468008155907],[-56.788879734819695,-36.327979073144014],[-56.791258050451866,-36.32930242251771],[-56.799700998952446,-36.33091046311726],[-56.807467947883296,-36.33078891083429],[-56.808150756795754,-36.331547243656296],[-56.81053480052808,-36.33303712651069],[-56.812404097862355,-36.3335333356302],[-56.81321614588326,-36.33508092050749],[-56.815332671982574,-36.33538607103424],[-56.815089358280034,-36.33717732614852],[-56.81547288541007,-36.337553663566304],[-56.81665384787705,-36.337542608820314],[-56.81751582850148,-36.33603655239364],[-56.81659356917587,-36.33366377629401],[-56.8167609183517,-36.333171229971384],[-56.821840116489064,-36.33179024822001],[-56.82433255581211,-36.33294078380407],[-56.82601230638612,-36.33330477678542],[-56.82698783128023,-36.33400260802089],[-56.82814032412445,-36.334085434940334],[-56.82876084060958,-36.33304131702734],[-56.83152505006746,-36.332109180040625],[-56.83212218500504,-36.331337953395426],[-56.833865659162775,-36.33225632722807],[-56.83836821346046,-36.33255692012967],[-56.8395939561503,-36.33296955],[-56.842102748024345,-36.33271916835221],[-56.84443334205305,-36.33183715622801],[-56.847256680764914,-36.33167654],[-56.85045940121972,-36.33227651263723],[-56.85144343072541,-36.33339099627793],[-56.853358783476516,-36.33383449176697],[-56.85444753745668,-36.33517313805069],[-56.85499121230733,-36.33644505163311],[-56.854683248596054,-36.33821028287059],[-56.85552166185704,-36.33878180364334],[-56.85718991719822,-36.337914424116306],[-56.85743882255789,-36.3362984663212],[-56.85598537412877,-36.33303087231891],[-56.85449929284414,-36.33081498307442],[-56.85445653004382,-36.330166850696905],[-56.85511159518142,-36.329767126010665],[-56.8566540970365,-36.33061121628768],[-56.85890283748913,-36.333321094947124],[-56.859309860169866,-36.335460197749455],[-56.8612656860202,-36.33694802939323],[-56.86102029128141,-36.33903991516585],[-56.861818569972726,-36.33935317236986],[-56.86239717121915,-36.33805480721124],[-56.864066398051826,-36.33779526836098],[-56.864685098362386,-36.33646034732704],[-56.865802150516735,-36.33650073596815],[-56.866449892335076,-36.33590674458266],[-56.86657430933771,-36.33513406608862],[-56.866262876797016,-36.334468923046686],[-56.864899847607084,-36.333782056119155],[-56.863768454091186,-36.334500287837834],[-56.862826193675474,-36.33409030702527],[-56.86142822152595,-36.334288436787595],[-56.86076847100234,-36.33213987641294],[-56.8590444334432,-36.33007578295374],[-56.859941425833746,-36.32948059864921],[-56.86407966225351,-36.32906434],[-56.867974264474675,-36.33062464691116],[-56.86797677681537,-36.33245269962338],[-56.86830490551193,-36.3333323146631],[-56.87088915347009,-36.33420695033897],[-56.8725391198854,-36.336995453064745],[-56.874146425848124,-36.33746887863324],[-56.87455274686201,-36.33837805349894],[-56.87527040282157,-36.338893348685126],[-56.875772676647024,-36.33785417921163],[-56.87546405205496,-36.336612340874765],[-56.87389789062196,-36.3353828175581],[-56.8735469603993,-36.33472120473728],[-56.87496839845538,-36.33417621676669],[-56.87575120155305,-36.3351107301049],[-56.876454256475874,-36.33513025090519],[-56.87666082791183,-36.33475426113373],[-56.876422626153605,-36.33320345949138],[-56.87615540082783,-36.33291392482796],[-56.874430236607814,-36.33260635489386],[-56.8731471805773,-36.331530440523935],[-56.87290622026708,-36.33084971638775],[-56.87342490226356,-36.3302010573352],[-56.87701977354781,-36.33016130057685],[-56.877697240641524,-36.330375961455665],[-56.87798090349852,-36.330826938024806],[-56.87760599278456,-36.33193039770275],[-56.877768890149866,-36.33316550924924],[-56.878487450248805,-36.3337407889774],[-56.8815050117592,-36.33405573715803],[-56.88196753310811,-36.33565355184976],[-56.882811900470855,-36.3363149310626],[-56.884070130204414,-36.33591008563087],[-56.88352837183746,-36.33428210825889],[-56.883697137323075,-36.33346584409925],[-56.88747236263118,-36.33332265],[-56.88782051853664,-36.3335257046637],[-56.888442555258095,-36.335148386533774],[-56.8906198750029,-36.336432591648666],[-56.89196174495989,-36.3367670670649],[-56.894089069408494,-36.336691355087744],[-56.897239024806424,-36.3360775661929],[-56.897991155517666,-36.33505779926155],[-56.90203784540103,-36.33597600404546],[-56.90314247811372,-36.33650286704334],[-56.90467897365747,-36.33859579683545],[-56.903522526341575,-36.33998728743383],[-56.903145722919376,-36.34274813899604],[-56.9014620188884,-36.343425434124384],[-56.89951551189042,-36.34570958178738],[-56.899539332104396,-36.346830008303435],[-56.89990447162912,-36.347125443724885],[-56.90144259409356,-36.346613424888766],[-56.90228604576678,-36.34555571165258],[-56.90337466724201,-36.34494548184005],[-56.90464479651776,-36.344965198748085],[-56.905509831193704,-36.34470942976454],[-56.905939434525116,-36.344220515130324],[-56.9078753720576,-36.34375408341315],[-56.90793917526606,-36.34249815767799],[-56.90828253439534,-36.342087943202685],[-56.910215346817544,-36.34309988174445],[-56.91077237453237,-36.344537276742486],[-56.91206015790236,-36.34423875417842],[-56.91640994338051,-36.34078253638078],[-56.91625538559923,-36.339338505920765],[-56.91493819322503,-36.3384927052107],[-56.91494150665267,-36.33792393980229],[-56.91619443634031,-36.33759531770201],[-56.92025001573016,-36.335551742943785],[-56.921911269811645,-36.335982591259935],[-56.92324948442607,-36.335930136281995],[-56.92367299379572,-36.33802082799292],[-56.924640505564945,-36.338564658914926],[-56.92619836788644,-36.338729706240926],[-56.92641812858806,-36.33767754951139],[-56.9253085911032,-36.337010216876656],[-56.92488376569468,-36.336372632083595],[-56.92603111735465,-36.334429317189304],[-56.92706134987432,-36.334158166603025],[-56.931087056871995,-36.33405166325135],[-56.936897691552794,-36.33468673976503],[-56.94103915729452,-36.33598295743439],[-56.94135248741595,-36.336587493044725],[-56.94127186265542,-36.33767508182763],[-56.94070077213198,-36.338668300340224],[-56.9405307089867,-36.34011645649185],[-56.94115239534582,-36.34158990047832],[-56.9423930562157,-36.34276351987535],[-56.94431893618744,-36.34280476823199],[-56.94579799538371,-36.342244451790066],[-56.946472192190335,-36.34265122407259],[-56.946338112192706,-36.34321212220495],[-56.944356098463615,-36.345194350256335],[-56.944535831399676,-36.34634269253436],[-56.945493573692715,-36.346727767902664],[-56.94642120097276,-36.34627989301787],[-56.94679014594814,-36.34506076409616],[-56.948171745493276,-36.34395806848304],[-56.94902689233919,-36.34255049572466],[-56.946973287624424,-36.34020175134704],[-56.94486916851799,-36.340817557445924],[-56.944152184245695,-36.34077189439217],[-56.94324154040987,-36.34022053069524],[-56.94336189792542,-36.33943104539857],[-56.94493678308887,-36.337894433213734],[-56.94520261463978,-36.33725158024443],[-56.945249875222636,-36.3364011739387],[-56.94457155362704,-36.33393333029449],[-56.944920357626124,-36.33342080487674],[-56.948154545293946,-36.33339665565505],[-56.950445575689116,-36.33401085709862],[-56.950602456796965,-36.33513117683274],[-56.951588986018706,-36.33615502960916],[-56.950902196416585,-36.33722326237946],[-56.951013179824734,-36.33835411262205],[-56.952638224225915,-36.33976809956326],[-56.95473127312062,-36.34054989782967],[-56.95480655447878,-36.34093243057637],[-56.95421114439204,-36.341927610011254],[-56.954550743887815,-36.34234403357623],[-56.955617563662365,-36.34225237948063],[-56.95661767334272,-36.34115464346837],[-56.95695242280758,-36.33945058701348],[-56.95407399738175,-36.33782595920097],[-56.95443594273069,-36.33604013958802],[-56.95382881,-36.33447048050512],[-56.95417123617909,-36.33391301435063],[-56.96458641468362,-36.333547817724856],[-56.968438549706285,-36.334159040073004],[-56.97181747467286,-36.33793689470969],[-56.971641388498206,-36.3389378011434],[-56.97234239219229,-36.33979513064505],[-56.973489119953115,-36.339166992923126],[-56.97352072262931,-36.336114246197134],[-56.972574576406245,-36.33543399607434],[-56.97236959240137,-36.33481732141871],[-56.9725335292174,-36.33390952046309],[-56.973147547732715,-36.333168732939214],[-56.97430340695255,-36.33264032618604],[-56.97677356911528,-36.33302120887367],[-56.97775887157771,-36.33375968420879],[-56.977923142725025,-36.33448127825621],[-56.978753180787244,-36.33548666013485],[-56.97953911716215,-36.3359026526054],[-56.97934550960967,-36.3370303944031],[-56.98062557352155,-36.3372749530926],[-56.98168175266699,-36.33596591567882],[-56.98012267033861,-36.33409344328687],[-56.980228137065296,-36.3328274729728],[-56.98228562685766,-36.33169030863121],[-56.9872026196835,-36.3311498704294],[-56.98887270580206,-36.33126186858953],[-56.99167435889285,-36.33254112705123],[-56.991811688066036,-36.33741113218155],[-56.99247983226387,-36.338613960324814],[-56.9934054171767,-36.339309456032964],[-56.99435139124257,-36.33940756437528],[-56.99467741394046,-36.33902951189807],[-56.9944241651411,-36.33691806709947],[-56.9950955102577,-36.33616223442223],[-56.99407990967185,-36.334264600834814],[-56.99444725501106,-36.331241981185514],[-56.993746247956324,-36.33067085515822],[-56.993837241724826,-36.33016954105084],[-56.9959175392718,-36.32947750631722],[-56.998994985430336,-36.329353901599525],[-56.999874829031654,-36.3290233413068],[-57.001151006429104,-36.32938220972882],[-57.00177554415755,-36.32857529451247],[-57.00344352297158,-36.32846629405234],[-57.00698346351542,-36.32698858125876],[-57.008877099007556,-36.326767839802564],[-57.01089500430624,-36.32724607478041],[-57.01418475276571,-36.32927591018194],[-57.01610569055818,-36.32978296023781],[-57.01646562836636,-36.330946275206756],[-57.01682657898444,-36.33562825238379],[-57.01768517396074,-36.33696660953147],[-57.017789840264705,-36.33796682432871],[-57.01598357063208,-36.33963995365031],[-57.01642560751694,-36.340437208280555],[-57.017677312495934,-36.3404638969972],[-57.019181453217,-36.33982275696806],[-57.01986324592355,-36.338637748490136],[-57.019665769740776,-36.3355374150922],[-57.018480405202354,-36.332607022553205],[-57.019021264171066,-36.331135008030806],[-57.02016265965591,-36.33021425948678],[-57.01915428300069,-36.32895561972759],[-57.01925169301646,-36.32835252738478],[-57.02134720802457,-36.3285535601349],[-57.02223486631209,-36.33014987230225],[-57.02602327209084,-36.33423823334184],[-57.02751102151187,-36.33474729921121],[-57.02779202,-36.33372854823658],[-57.022435411688946,-36.326354357583845],[-57.0209861905803,-36.325999903449826],[-57.01738741375714,-36.32611137],[-57.01613376344274,-36.32587525052108],[-57.01591606114491,-36.325346855616466],[-57.01688381379312,-36.3240700554056],[-57.019242882356494,-36.32279583161068],[-57.021508492795846,-36.322144880908596],[-57.02490207650628,-36.31955525989355],[-57.0257476178823,-36.31937448946452],[-57.02721263161219,-36.31964944839972],[-57.029339302421214,-36.31824371320329],[-57.03261768547185,-36.31669738637778],[-57.03342508553201,-36.31671194557188],[-57.03451547543739,-36.31769199892694],[-57.03492361440568,-36.31772406730176],[-57.03541090167101,-36.316864446899594],[-57.035249534845306,-36.31592176159075],[-57.03561546874459,-36.315359430219594],[-57.04602310610945,-36.31014513861861],[-57.04843252533702,-36.30815469630313],[-57.049637544872574,-36.308262760465574],[-57.050918430469494,-36.308940515939504],[-57.053722561474636,-36.30640702991351],[-57.05930930172352,-36.3036690875402],[-57.060575963936365,-36.30377581454397],[-57.06188596330514,-36.30587339990177],[-57.06345245721004,-36.30675224244356],[-57.06321448348717,-36.3084784700654],[-57.063759916866445,-36.30968826651384],[-57.066370092769354,-36.310617136423026],[-57.066918606952854,-36.311930375790745],[-57.06838959446508,-36.31209108970421],[-57.069714836470716,-36.311702877898966],[-57.06978073768029,-36.3102980497312],[-57.068482061704756,-36.310418589985154],[-57.06765497869615,-36.30895491055653],[-57.065900165392506,-36.30870953732489],[-57.06590881601728,-36.30825867122621],[-57.06689314641849,-36.30727912294555],[-57.06690759098524,-36.306028521494994],[-57.0657892466725,-36.304759851247546],[-57.064718403620425,-36.30407325701448],[-57.06386377591371,-36.30258322996852],[-57.06398669895629,-36.30216495029377],[-57.06575099632702,-36.300855708458336],[-57.06616501075604,-36.29974045773963],[-57.07166331326956,-36.297039654446706],[-57.07295227161837,-36.295515814184824],[-57.07464956918169,-36.29560081242807],[-57.077133259215096,-36.29501886878012],[-57.08045041370507,-36.29280250443097],[-57.081876867508996,-36.29228864475748],[-57.08569440127038,-36.28937558183036],[-57.09118508661742,-36.28636226067698],[-57.09269885600622,-36.286230666109326],[-57.09357986420379,-36.28658097642832],[-57.095230235352226,-36.28454180328246],[-57.09603199472865,-36.28440910093072],[-57.09749759431997,-36.28591201314071],[-57.09888249567877,-36.286346803177736],[-57.09894103531045,-36.287646463575356],[-57.099513597419275,-36.28782829471147],[-57.10054981145692,-36.28691381616438],[-57.10070488818293,-36.28621806347678],[-57.10009469359537,-36.28489255879924],[-57.09806790131266,-36.28433033196175],[-57.09909781489274,-36.282336815756835],[-57.100348636925176,-36.28199435168293],[-57.107629873018126,-36.276976441576664],[-57.10809011968833,-36.27711574187867],[-57.10889197456575,-36.279200234801515],[-57.110311213098164,-36.280831152407714],[-57.113042972407776,-36.28083389149315],[-57.11553037051192,-36.27878512194102],[-57.11436920036188,-36.276620218898806],[-57.11440010617322,-36.272436246761124],[-57.11765398956164,-36.269979579786906],[-57.12164731885501,-36.26837797369768],[-57.12241557260632,-36.26824851760117],[-57.123161685744215,-36.269128416087916],[-57.12526734089718,-36.26877088732484],[-57.125930275270555,-36.27049392575283],[-57.12747165658335,-36.2717296655853],[-57.12903159459144,-36.27190150206061],[-57.12984967415906,-36.27231059373661],[-57.13082039933753,-36.27343629632798],[-57.13093671688127,-36.2745912229353],[-57.12987273248084,-36.276765454664435],[-57.12979506694192,-36.277999177476914],[-57.12918325402164,-36.27893636820808],[-57.12754641378087,-36.28035335666649],[-57.127744331675125,-36.28082191779465],[-57.128747547565226,-36.28092347549393],[-57.13150244649964,-36.27904814543453],[-57.13284691480156,-36.27650357975015],[-57.13305326234648,-36.27414847794734],[-57.13289212853136,-36.272293798041815],[-57.1310186775627,-36.27008231154523],[-57.1286911113286,-36.26915865588474],[-57.12832260544179,-36.26721244735378],[-57.127691673095704,-36.26598962946223],[-57.12651751493763,-36.26541083917257],[-57.12620804114828,-36.26472241658236],[-57.12618946546239,-36.26393943593639],[-57.12886597351731,-36.26132794319296],[-57.132100331942894,-36.2593530532854],[-57.13268345246484,-36.25944232609948],[-57.13311179516545,-36.26024812803493],[-57.13404452812137,-36.260028790416484],[-57.13707836220949,-36.25794530323466],[-57.1413676360903,-36.2537555144463],[-57.14360701589854,-36.25233574558914],[-57.14998512137195,-36.246616025494575],[-57.16150267306169,-36.237078071626144],[-57.164116320938064,-36.23557593061085],[-57.16536389063611,-36.23514682374364],[-57.16704170465988,-36.23546258902948],[-57.16844545377173,-36.23450724072478],[-57.16883180157839,-36.23349663446265],[-57.16875443738144,-36.232648847675186],[-57.17188445604535,-36.23030350665018],[-57.174408313779594,-36.22784010424147],[-57.17818444469898,-36.22519290961261],[-57.179027861693775,-36.22541450375709],[-57.18333314659823,-36.229494435097926],[-57.185339249618075,-36.23073204017091],[-57.187669215993445,-36.23077220595646],[-57.18879865117571,-36.23211257266185],[-57.18961066633796,-36.23158282438974],[-57.18969392096334,-36.23117566167474],[-57.188748858372556,-36.2289295117836],[-57.18763812521242,-36.22877815067273],[-57.18577522873654,-36.22909392946069],[-57.184622798838035,-36.22858230109154],[-57.182970595385946,-36.226028025652504],[-57.18043975388306,-36.22394553757629],[-57.18058695161802,-36.22259507941122],[-57.1831480935646,-36.22041562092984],[-57.18624441747444,-36.21684992773804],[-57.190972778109185,-36.21377524464386],[-57.19201657833131,-36.21374361187482],[-57.19455563457223,-36.212511894292234],[-57.19733401776557,-36.20941242015321],[-57.19820092547259,-36.20618518566728],[-57.19877522365264,-36.20555416599238],[-57.20136743835937,-36.205798842822055],[-57.202798411535355,-36.2052865835276],[-57.20401005500768,-36.203150093671994],[-57.210143136093755,-36.196823542578],[-57.21040819206555,-36.19597324445045],[-57.212244849767764,-36.19477303561074],[-57.21594085223837,-36.19097994679331],[-57.22015844278276,-36.18848332922403],[-57.22756385203761,-36.18121682145868],[-57.22921261709992,-36.18085272532657],[-57.231000615819966,-36.1816432065734],[-57.23272222079579,-36.18194501179898],[-57.234062123050926,-36.18322505882229],[-57.2345480081804,-36.18318998845613],[-57.23541831939864,-36.18176238126362],[-57.235441667426386,-36.18061459314389],[-57.23374260084842,-36.17788278691196],[-57.23378592959372,-36.17559660353969],[-57.235563637923626,-36.17298736407376],[-57.24107473650653,-36.16858577050969],[-57.24603257617275,-36.162126034313644],[-57.24767994675575,-36.160965128709016],[-57.2509151637403,-36.157567133704646],[-57.251459630078365,-36.15759428171766],[-57.252446034279295,-36.15915572083339],[-57.2541813556776,-36.163008966008036],[-57.25553237779156,-36.164139085813154],[-57.256005065856776,-36.164071051106255],[-57.25607060363756,-36.1635897084451],[-57.254352646773285,-36.16084532985782],[-57.25412231999032,-36.15934826465746],[-57.25313372180781,-36.156838131225236],[-57.2534394493701,-36.15557459269772],[-57.25517789729463,-36.15361383817231],[-57.2563007898871,-36.15149905203892],[-57.25786198306821,-36.150170689073875],[-57.26417256762894,-36.14213183788395],[-57.267845662553746,-36.138313139607604],[-57.270122906389695,-36.13649079811202],[-57.27283445314682,-36.13561403322374],[-57.273410951352574,-36.13582121708121],[-57.274145470817885,-36.13693670083687],[-57.27516183463171,-36.13735461279367],[-57.27836331514934,-36.13721408690142],[-57.28113278177656,-36.137466791048155],[-57.28217916545578,-36.13480016897935],[-57.28147408765814,-36.13418376570527],[-57.281591827727,-36.133289693750676],[-57.27950610504889,-36.13025158245996],[-57.28081052798739,-36.12743231991815],[-57.28282609079681,-36.12856347835379],[-57.28479556172315,-36.12833173055389],[-57.284722397856314,-36.12790025735132],[-57.28362568016277,-36.12695602354935],[-57.28182590996914,-36.126279824923],[-57.28163058853095,-36.12580675611198],[-57.285743698576574,-36.116806795848845],[-57.28953559476647,-36.112493503545934],[-57.2911479248867,-36.10907723366474],[-57.29392808584554,-36.10437722263726],[-57.29499799366871,-36.10146172159315],[-57.29669455590851,-36.10036549222546],[-57.29719059815226,-36.09946161069975],[-57.29856782919857,-36.098948919430484],[-57.300876444477176,-36.0966587358541],[-57.30207186636645,-36.09671268592488],[-57.302962330553456,-36.09721290363722],[-57.30552541653168,-36.095747410647824],[-57.30553259342086,-36.09526729485314],[-57.30444224505231,-36.09438510596599],[-57.304419875349076,-36.0936690504763],[-57.30644886777948,-36.09010100661807],[-57.30644952612957,-36.088778802976464],[-57.30765509167536,-36.087001947461914],[-57.3094892494434,-36.08580288090353],[-57.30981941945839,-36.08325243110907],[-57.31130565040362,-36.079436264289384],[-57.31189423740195,-36.07857914000007],[-57.31340186304264,-36.07770913362844],[-57.31383508811352,-36.075690397440226],[-57.31691892724796,-36.071455362455744],[-57.31758652403558,-36.071334493291566],[-57.31906403243713,-36.07212691790485],[-57.31949194196784,-36.071904330855624],[-57.3194488714849,-36.07040943698326],[-57.318697571494255,-36.06955795784482],[-57.3186587458311,-36.06899822422829],[-57.3198544472172,-36.0660998557579],[-57.32226080187419,-36.0622243637656],[-57.32165583841364,-36.059965983793596],[-57.32328710984891,-36.054577350467845],[-57.322813406614245,-36.052644268703595],[-57.326239882106094,-36.052219195637726],[-57.32822456606325,-36.05068639342583],[-57.330194226791015,-36.04858509681527],[-57.33055713029994,-36.04736976259187],[-57.33297089796205,-36.04410828091707],[-57.333816438184606,-36.044114003353634],[-57.334106804343456,-36.04546921715325],[-57.33454496273274,-36.04571202668102],[-57.33659713288555,-36.04245514087607],[-57.34011137221926,-36.04294837049099],[-57.34081477753777,-36.04265424523309],[-57.340888405160825,-36.04221448135479],[-57.33945244237715,-36.04020161486944],[-57.33938106522055,-36.039527409931324],[-57.34060600081689,-36.03726507941686],[-57.341367503437965,-36.033559980191164],[-57.34242072106989,-36.03307816079581],[-57.3437927853148,-36.03022606079895],[-57.345207949176405,-36.02861080702055],[-57.3464320252921,-36.02800755931696],[-57.34901307758301,-36.0280007],[-57.35211746003549,-36.02900471915974],[-57.35256303626862,-36.02885483518486],[-57.352986952853286,-36.02795297725017],[-57.3517397671701,-36.02685002073552],[-57.35109893100132,-36.025201667668775],[-57.3531452156505,-36.02188629624207],[-57.35484926546295,-36.02040560400352],[-57.35437062780658,-36.019622795578705],[-57.351559836203975,-36.02001631939334],[-57.35149875242666,-36.018111884515434],[-57.351998570933574,-36.01692586779733],[-57.35339379193159,-36.01548895466071],[-57.353491616131706,-36.014705623911624],[-57.35452831988398,-36.01311439358212],[-57.35706363205703,-36.011302169418656],[-57.35699091295249,-36.010236375020725],[-57.35630940938279,-36.009605450012856],[-57.356596834713635,-36.008968766480926],[-57.35649457977649,-36.007457022549126],[-57.35783271281995,-36.005718003866],[-57.36041730700758,-35.999618464531586],[-57.36368159281443,-35.99558725873901],[-57.36455272212669,-35.99406155141363],[-57.36676958568138,-35.991633864952014],[-57.36745800368459,-35.99011744896271],[-57.36640201938857,-35.98786847341645],[-57.36657378084064,-35.987164840433294],[-57.36757428505998,-35.98640467287943],[-57.36963393253512,-35.98238375317063],[-57.37242629247009,-35.979253879265556],[-57.372428996339984,-35.97884567050941],[-57.37166878097081,-35.978415663679336],[-57.37162127420988,-35.97794816560884],[-57.37428722765068,-35.97353218721032],[-57.376718558155545,-35.971057219327136],[-57.38289642482868,-35.970805979301176],[-57.385275224175544,-35.971262894678034],[-57.3868602821056,-35.969160497113016],[-57.38662930631428,-35.968668262263215],[-57.38414870493766,-35.968248319487145],[-57.38289248510369,-35.96738452012356],[-57.382832498316134,-35.96644693822504],[-57.383301569384685,-35.96494667423563],[-57.38306810708836,-35.96303456982103],[-57.382427092007376,-35.962393221472006],[-57.381031474512,-35.96189286625805],[-57.38139649580945,-35.96047260181377],[-57.382187360069445,-35.95936016286319],[-57.382236681091435,-35.955736014215695],[-57.38103382653295,-35.954014934085954],[-57.382770894401254,-35.952996451246555],[-57.382918498462736,-35.9521253278948],[-57.3826598703052,-35.95094298233316],[-57.38037329645446,-35.94925187417095],[-57.38050556244475,-35.94886278782724],[-57.382148630646654,-35.94770824696346],[-57.38101774905906,-35.94517332222259],[-57.380906772491485,-35.943797578379204],[-57.38051639768542,-35.94359832323283],[-57.37921844915134,-35.943968121438324],[-57.37879748346161,-35.94492197137664],[-57.3791648676854,-35.94670161780538],[-57.377742530520216,-35.94831615551366],[-57.376863987307324,-35.948269084985355],[-57.37617495231275,-35.94780105181328],[-57.375874308538286,-35.945404626513344],[-57.37406943115495,-35.94425593562107],[-57.37510561739129,-35.94322864907227],[-57.376255770644626,-35.94083619033334],[-57.376396079191615,-35.93798370351413],[-57.377362096841956,-35.93327105359781],[-57.379250505507216,-35.92789116012828],[-57.37993231224746,-35.92672945817629],[-57.38139297776334,-35.926313626731634],[-57.38193410860075,-35.92665886338892],[-57.381994666683624,-35.9278678377296],[-57.38395881010571,-35.92837776351162],[-57.38495877241265,-35.92814266272057],[-57.38564247519758,-35.92632477269867],[-57.38651188754258,-35.92507402716353],[-57.38840508289603,-35.92333093587576],[-57.38804352060334,-35.92156572829209],[-57.388334731381995,-35.918423057264675],[-57.388780573271866,-35.917784293647784],[-57.38879410769113,-35.91704030442912],[-57.38786946791434,-35.91603554859139],[-57.3875054131588,-35.9140370134622],[-57.38708090030588,-35.91374181492799],[-57.3864301298382,-35.914778209744796],[-57.38536832012116,-35.919491046847334],[-57.385088600827345,-35.92235891309833],[-57.38328791254925,-35.92417830635764],[-57.381905961280374,-35.924051543503836],[-57.38253489918807,-35.91847792512064],[-57.38156810947618,-35.90728887694171],[-57.38370884299354,-35.90706841634445],[-57.38448219010928,-35.90494381852739],[-57.386547595387,-35.903924432512014],[-57.3877621347199,-35.90383056180188],[-57.389183226525105,-35.90444083831905],[-57.38941540873867,-35.90481116950057],[-57.38914857570109,-35.90608325482959],[-57.39041013131945,-35.905995675815966],[-57.39169149763037,-35.90412154068562],[-57.39301940107623,-35.90386321671115],[-57.39325868582481,-35.90302625883135],[-57.392599266861836,-35.90197632601889],[-57.39114054441695,-35.90084243578733],[-57.39090772384492,-35.89981132921177],[-57.39181615969009,-35.89656093961436],[-57.39158293004894,-35.896142149909345],[-57.39041900740138,-35.89634718265311],[-57.38977909359846,-35.897745347394014],[-57.389040589895465,-35.902351215919545],[-57.38769329597427,-35.90201273711936],[-57.38699713976591,-35.900484622325415],[-57.3864169122382,-35.894328618897795],[-57.38675363175969,-35.894037620163466],[-57.38786966221133,-35.8941502386297],[-57.389124197546025,-35.8936483647586],[-57.38930504344653,-35.89327374703258],[-57.38900112965313,-35.89252964740483],[-57.387708736286875,-35.892507484897756],[-57.38734176419146,-35.89160090931985],[-57.387215419549804,-35.888907568122626],[-57.38662348586763,-35.88657691119592],[-57.3862811697665,-35.88291881461513],[-57.38567874607453,-35.88112090404139],[-57.38536903080851,-35.87879370091315],[-57.384921285494585,-35.87815643090997],[-57.38557725703912,-35.877562677293774],[-57.38593615108109,-35.87668661694505],[-57.38625160280064,-35.87119444502847],[-57.38679257494798,-35.86975310779439],[-57.38662671642049,-35.867723756903835],[-57.38712751726575,-35.86749558487209],[-57.3875164262263,-35.86777524987375],[-57.38809022575894,-35.86981192960804],[-57.388217090056635,-35.87251949187129],[-57.38863944567807,-35.872996063121626],[-57.38970239540236,-35.87306669226966],[-57.39012371539111,-35.87252593702511],[-57.391222977393554,-35.87217485709344],[-57.391556493075285,-35.87167264276966],[-57.3912359895399,-35.870396793668995],[-57.38982460137855,-35.86855082631266],[-57.39020089546359,-35.8674348187013],[-57.39020879821655,-35.86250351537505],[-57.39113770211771,-35.861265126827355],[-57.39009952207741,-35.860446571289046],[-57.39015927,-35.85605676597091],[-57.38987935518238,-35.85444973909001],[-57.390605764359925,-35.85370517548247],[-57.39066918095738,-35.85244490779614],[-57.389606375392546,-35.85168603201559],[-57.388588492150944,-35.85002352154413],[-57.38844935673006,-35.848354485761675],[-57.387813931563855,-35.84702972626088],[-57.38748988417728,-35.84503033266157],[-57.3884850446658,-35.84329663786523],[-57.38656299385935,-35.84183000374915],[-57.38628489289469,-35.840680252618654],[-57.38640279846869,-35.83888730511372],[-57.38562266384535,-35.83715176256941],[-57.38601879726289,-35.83669628],[-57.38819938506112,-35.83708730248371],[-57.388849761183,-35.836372375686615],[-57.38726098053207,-35.83260978744754],[-57.38643192440533,-35.83211009287704],[-57.386151085283174,-35.83147429746253],[-57.38519390046589,-35.83102748676152],[-57.38543691710624,-35.82866252384741],[-57.38611166067731,-35.82718716790225],[-57.38517384522096,-35.8269206972823],[-57.3838056887065,-35.82735196693178],[-57.383235831669495,-35.828066942250764],[-57.3827570681147,-35.827888978469254],[-57.382406271022894,-35.827099499314045],[-57.38245691649622,-35.82582721971289],[-57.38095800617738,-35.82461971050031],[-57.38096177355447,-35.82230656514816],[-57.38001151876472,-35.82003577881039],[-57.3797773201642,-35.81732008226909],[-57.37919362871954,-35.816149281071844],[-57.37895764002562,-35.81372798297435],[-57.37917199527378,-35.81174604152167],[-57.379734377627194,-35.81139856],[-57.38185011748019,-35.81173566898346],[-57.38270697955643,-35.81129300753835],[-57.38284061791423,-35.81073324479545],[-57.380668665477835,-35.809659798282695],[-57.378637292996395,-35.806913191259866],[-57.37781221869421,-35.806372749423915],[-57.377599296565165,-35.80445461241252],[-57.37785194331267,-35.803371657900875],[-57.37695756854703,-35.80205872746842],[-57.37710309381496,-35.80125680042716],[-57.376563244756035,-35.79868435919161],[-57.375824843489646,-35.79759197789577],[-57.37579192381496,-35.79579619042716],[-57.375486161177164,-35.7951201147926],[-57.37594392725595,-35.794144591327594],[-57.37437743251457,-35.79326120401915],[-57.37372947021696,-35.79228384684879],[-57.37166426152588,-35.79150838678028],[-57.37077986449623,-35.78915924867736],[-57.371351360982736,-35.78779951201748],[-57.37160573170352,-35.785741908573144],[-57.37263822685247,-35.78400570510312],[-57.37267552455166,-35.781971369539676],[-57.370722952838705,-35.77815400520003],[-57.3690114111662,-35.77757106476546],[-57.369562105532715,-35.77575745208716],[-57.369169379373204,-35.77498633949217],[-57.368445214344035,-35.77453573663763],[-57.36845652352376,-35.77282672190893],[-57.36813816290601,-35.77215729275386],[-57.367526636060354,-35.77176812500138],[-57.367524044159865,-35.77098471707033],[-57.367044825094986,-35.77039850210761],[-57.367502088481736,-35.76960317783671],[-57.36702809007972,-35.76839116964609],[-57.36749982979491,-35.76679030832509],[-57.36717402053697,-35.76554216534199],[-57.367600333178004,-35.76481758946043],[-57.3676193621911,-35.76396545779919],[-57.367259049254706,-35.76352055379881],[-57.36634446126064,-35.763545453770185],[-57.365806742120206,-35.762901857252196],[-57.36598781583836,-35.761971870235904],[-57.365078782014145,-35.75995944536214],[-57.3650745143859,-35.75922660448688],[-57.36445659158727,-35.75862311869523],[-57.364882289444274,-35.75716841970275],[-57.363975663825016,-35.756062405305926],[-57.36440079884604,-35.75447710004181],[-57.362700876519206,-35.751977642184514],[-57.362692759975424,-35.750364226634886],[-57.36450643749789,-35.74841961740664],[-57.36397275531625,-35.74719018732992],[-57.364168436661394,-35.74430733618793],[-57.363139717209165,-35.743430230068746],[-57.36293310554517,-35.74251685323986],[-57.36237339863506,-35.742052868866494],[-57.362094976093005,-35.74120859937606],[-57.3602878466661,-35.739364673351304],[-57.35959340113383,-35.73914382752537],[-57.357129212399315,-35.73632458060455],[-57.35734240102601,-35.735030390696544],[-57.35647751644659,-35.733552001469164],[-57.355325139559426,-35.73292994714875],[-57.35472710352056,-35.73142025515283],[-57.35377922224874,-35.7310386936657],[-57.35235063268223,-35.72938373320727],[-57.35259186898136,-35.728023074760124],[-57.35068208439965,-35.7273414181927],[-57.35036574967196,-35.726232490158125],[-57.35099721747113,-35.72563448964256],[-57.35131431054116,-35.72400702447371],[-57.35039635406317,-35.7231582543989],[-57.349601578459435,-35.72293094744029],[-57.348803844098605,-35.72181737093835],[-57.34739196749061,-35.7209217171338],[-57.348125408071034,-35.719423182219],[-57.347710355460855,-35.718806403085075],[-57.34675605262518,-35.71844456456412],[-57.34651624512676,-35.718051287256515],[-57.347015197811785,-35.7163845676744],[-57.3467996470293,-35.715297168909686],[-57.34598336685535,-35.714739373002125],[-57.344822756430965,-35.71507667925164],[-57.344239322868894,-35.71411545560664],[-57.34299566065176,-35.713925835148004],[-57.34271159932093,-35.712961070125814],[-57.34184401586094,-35.712534107886356],[-57.34124138052142,-35.70992323527314],[-57.340648732143706,-35.709161885791524],[-57.339815747721005,-35.70872528901937],[-57.33956569523871,-35.707791551115406],[-57.33857574749749,-35.707237062326456],[-57.33720447239083,-35.70529262807351],[-57.33576940678161,-35.705545487284205],[-57.33540960395198,-35.70478677335217],[-57.33463458448658,-35.704524063935196],[-57.332839172004334,-35.70261726193004],[-57.332161189889966,-35.701330083670996],[-57.332924209770326,-35.7004786140696],[-57.33282044128219,-35.69948140871676],[-57.33164902532784,-35.6985792751452],[-57.329877656255455,-35.69832810704253],[-57.32855675922381,-35.69740620757356],[-57.32780583728096,-35.696452716801964],[-57.32791959237696,-35.69550659415437],[-57.32618409922277,-35.693596473048416],[-57.32527346747951,-35.693090237236326],[-57.324407065222026,-35.69164441781479],[-57.32332693212754,-35.69118713488045],[-57.32330553634963,-35.690126768496874],[-57.32271613700799,-35.689533316689726],[-57.322336350443805,-35.68750707501886],[-57.321443930962374,-35.68718472726748],[-57.31993024463469,-35.687294566132124],[-57.318855281119234,-35.685324636064394],[-57.31705752101868,-35.68325420788013],[-57.317299579095746,-35.680770285813416],[-57.31503127723413,-35.67965162376811],[-57.31383986281828,-35.67689773879749],[-57.31171454834978,-35.67557699834165],[-57.31185870556837,-35.673967827371065],[-57.31034497452271,-35.672783636193614],[-57.309563490447516,-35.67139175678253],[-57.309393576620955,-35.66984885194441],[-57.30900650650255,-35.66919928611186],[-57.307586990570684,-35.66790699155602],[-57.30591306142018,-35.66686071371282],[-57.30490610339288,-35.666745657929724],[-57.303785680790575,-35.6658427349432],[-57.303498646649274,-35.66427565927771],[-57.30249180529548,-35.66372166131987],[-57.30114080066399,-35.66223377849824],[-57.3012686086623,-35.661408223157395],[-57.30046703896492,-35.660315696515354],[-57.30050361567833,-35.65830472562565],[-57.29971689138207,-35.65758234078843],[-57.298443757126925,-35.6555045935237],[-57.29698131218313,-35.654305507857245],[-57.29640026518673,-35.65245376525987],[-57.29496700298261,-35.64999724138287],[-57.29382108505711,-35.649590811902605],[-57.292726675456386,-35.64764849975936],[-57.290893737597195,-35.64681069566503],[-57.28765741305242,-35.64404775034015],[-57.287194827417345,-35.6411215500446],[-57.28631668270323,-35.640801290727794],[-57.2858351687221,-35.64000438588925],[-57.28154964846149,-35.636003530913705],[-57.28172785684386,-35.633662382139306],[-57.2808031699167,-35.63222940255275],[-57.277242339133615,-35.62974818685],[-57.27526869904588,-35.62708249275911],[-57.27368705474866,-35.62611222635417],[-57.27367738568605,-35.62418200539267],[-57.27231096861692,-35.62355801935637],[-57.2721813678652,-35.62243664986451],[-57.270857523394916,-35.62007581240662],[-57.26776896969347,-35.61537519342219],[-57.26568920741184,-35.613404617019725],[-57.264774094643805,-35.611167665992504],[-57.26168513023997,-35.60874273911213],[-57.26170568210185,-35.60779906301694],[-57.26034805189483,-35.60647900434577],[-57.2588167651494,-35.60349829196776],[-57.256829109107855,-35.60175088195083],[-57.25579563216588,-35.599625803853456],[-57.25453704200337,-35.59836337087185],[-57.25309717955934,-35.59495610485384],[-57.24617147125285,-35.587647189464825],[-57.24523736590393,-35.58616589837185],[-57.242811820116636,-35.584402586708414],[-57.24105980317718,-35.583907894441644],[-57.24079554065083,-35.58255680199856],[-57.239063175265784,-35.57928854973297],[-57.237266475723295,-35.57871946097714],[-57.23687206650689,-35.576929870634224],[-57.23505024766199,-35.57547058996057],[-57.23425294167076,-35.57418231992236],[-57.23136279590835,-35.573511678066424],[-57.22956842515216,-35.57071072735041],[-57.22790137773228,-35.570015879100964],[-57.22579141853558,-35.5682916576434],[-57.223990417880565,-35.566072601076876],[-57.219778465888744,-35.56257736622022],[-57.21886759636636,-35.561152966325196],[-57.21777427249836,-35.560470347045914],[-57.21462441021664,-35.5568640278261],[-57.21427367301202,-35.55580586661119],[-57.21293934983349,-35.55390344932649],[-57.20979715265349,-35.55153970185363],[-57.20239264500882,-35.54466083387436],[-57.19984758855024,-35.54171634118413],[-57.19618802527861,-35.538734962539046],[-57.19279875747806,-35.53492277606323],[-57.19130517228718,-35.533706483911075],[-57.1852196719659,-35.524830901302764],[-57.180812332019556,-35.522411674407294],[-57.17810869295731,-35.52020329702241],[-57.17702423956937,-35.51834065367836],[-57.17465451792691,-35.51684587220464],[-57.17257393093789,-35.514214191572876],[-57.162516116940424,-35.503495152587035],[-57.16170693031841,-35.50208503100075],[-57.158360100344446,-35.49988543521734],[-57.152812219686396,-35.49482341934385],[-57.14862868085191,-35.48651982424592],[-57.14677353651824,-35.484261343912856],[-57.14599727087897,-35.48211356837124],[-57.145162011278906,-35.48135030195001],[-57.14167323437232,-35.47615448317886],[-57.13969705775309,-35.46705616997477],[-57.13823252117033,-35.463996740243985],[-57.13646656286719,-35.46139288459984],[-57.13582772033809,-35.45948481604197],[-57.13472966703255,-35.457984569860734],[-57.13406932129084,-35.455788602946264],[-57.13349300526937,-35.45512091721103],[-57.13250489684479,-35.45266648106178],[-57.13234837710973,-35.451445229379715],[-57.13100367073164,-35.450708700914404],[-57.13047595254734,-35.45004464449457],[-57.13056869374893,-35.448907906436595],[-57.12985541723002,-35.448165573137686],[-57.1302170515004,-35.44681530879048],[-57.12858021840591,-35.445775982660706],[-57.12835878756573,-35.444403386611576],[-57.12830110777189,-35.44238557372899],[-57.12974673502462,-35.441595878589816],[-57.12923608695442,-35.440408613931965],[-57.13007979167466,-35.43674760667166],[-57.1306290094315,-35.43579895332301],[-57.12990293703196,-35.43400153817697],[-57.12988434981139,-35.4320251194384],[-57.13027538529325,-35.43101236085575],[-57.12970579855313,-35.42982485436363],[-57.13027196175165,-35.42908999093769],[-57.12986598196261,-35.428244535161916],[-57.13009863238054,-35.4265389248795],[-57.1305743534328,-35.425298314806454],[-57.13140330984084,-35.42431092447297],[-57.13078396930731,-35.42297979656044],[-57.13121580000829,-35.42202366639387],[-57.13218829458721,-35.42120626258034],[-57.132936627811276,-35.420034236355235],[-57.134570910324506,-35.41624655643338],[-57.136211317925344,-35.41468721902455],[-57.13621223430971,-35.41317019448615],[-57.13707372270639,-35.41248034147246],[-57.13784851316382,-35.410627774445764],[-57.1392061564177,-35.408994188531345],[-57.14001971273117,-35.40564788088788],[-57.14081026788139,-35.405114620254004],[-57.14148572551446,-35.403301374719604],[-57.14334743270626,-35.400286868713984],[-57.14509599228515,-35.39892895246318],[-57.14493054713207,-35.39759252096068],[-57.14553235438725,-35.397009200550755],[-57.14604661552716,-35.395388384089166],[-57.14706867826985,-35.394455297170744],[-57.14752736441005,-35.392860590184256],[-57.14747296942698,-35.389920047274394],[-57.148654113810956,-35.38902509682638],[-57.14887282331668,-35.38803732968584],[-57.151367126678224,-35.3854261909416],[-57.15187428771279,-35.38427000360757],[-57.15336843097436,-35.383100175768746],[-57.15380496547355,-35.38187435455936],[-57.15470800898879,-35.38171617140521],[-57.15614203837783,-35.38054807210183],[-57.15730033000465,-35.37902749212851],[-57.158857200526235,-35.375193924443],[-57.16013654309378,-35.37404885705674],[-57.16108173894885,-35.371352046246685],[-57.16281379870325,-35.369303394519996],[-57.16410484532867,-35.36886525788984],[-57.1643731810005,-35.368095003439265],[-57.16608756905834,-35.36666879188778],[-57.16817184764056,-35.363541452789605],[-57.16924514754039,-35.36255336512337],[-57.17021021971938,-35.36050534958161],[-57.17085813774097,-35.360103969634814],[-57.170799604526565,-35.35935375624621],[-57.17114285663146,-35.35881025428628],[-57.17263492233673,-35.35767235836178],[-57.17281930672546,-35.356755322703556],[-57.17411173480395,-35.35613257339369],[-57.17470155060942,-35.35487943825457],[-57.17470422783083,-35.35399231498734],[-57.1752564235802,-35.35352504120897],[-57.17604963267744,-35.35149438893728],[-57.17949240883281,-35.34875893957548],[-57.18095868607245,-35.34517463637436],[-57.18268705866338,-35.343196363057984],[-57.18355892399027,-35.34041211002248],[-57.18537233465692,-35.33756168132087],[-57.18601993709239,-35.337018568290894],[-57.186250605759845,-35.335682245696646],[-57.18711932929314,-35.33526542732849],[-57.187959976226296,-35.333887001485586],[-57.187542866111905,-35.33271265671526],[-57.18844758002012,-35.32986387661645],[-57.189230024137814,-35.32852566714024],[-57.18927213263544,-35.327355506548834],[-57.190141789521554,-35.32561774312267],[-57.19580296718788,-35.317185097727474],[-57.19641528658151,-35.31440156425484],[-57.19796734015062,-35.31129159507921],[-57.19990480695296,-35.308844095766894],[-57.20343793220212,-35.303303939435516],[-57.20464440894048,-35.30038591097966],[-57.206319925932945,-35.29832544795445],[-57.20759398059125,-35.29779349457052],[-57.20805739754727,-35.296917421162135],[-57.209633624029316,-35.295545269541726],[-57.210208515224885,-35.294382465098984],[-57.21205521681003,-35.29292055131928],[-57.21231696348907,-35.29191384672982],[-57.21366102891769,-35.2914164509014],[-57.21403753594428,-35.290815030369906],[-57.21596787128367,-35.28947379835091],[-57.21606197507908,-35.28838957325327],[-57.217140174305385,-35.287897695790875],[-57.21717765893314,-35.287280418942],[-57.21679334678504,-35.286727867900225],[-57.21703620073305,-35.28602623870863],[-57.217920171664275,-35.28517873210014],[-57.21824362612682,-35.28428787362139],[-57.219461315177725,-35.28400580193848],[-57.2212241029392,-35.281315949961886],[-57.221856488334126,-35.27957671821328],[-57.22301679783024,-35.2788642775642],[-57.223721177195664,-35.27765894813773],[-57.22453152145155,-35.275581237866746],[-57.22467123696529,-35.27449156574676],[-57.22437121776913,-35.27339001878664],[-57.226345267309945,-35.272838124809944],[-57.22661669216484,-35.272359393510044],[-57.22625678804098,-35.2714770675997],[-57.22646822961208,-35.27109497313161],[-57.22914962699692,-35.2711384541816],[-57.23099370181286,-35.2699154834422],[-57.232436957651245,-35.26782389205663],[-57.23334595556102,-35.26572640974329],[-57.23343575576298,-35.26457213664354],[-57.23500322687577,-35.26377042375877],[-57.23551253772206,-35.26306269648652],[-57.23710640602541,-35.26267100139133],[-57.238932616467096,-35.26033158503307],[-57.24044986631442,-35.26001817622179],[-57.24253240302236,-35.25699991432919],[-57.246582670327605,-35.2528638439861],[-57.247335057078466,-35.2515126366141],[-57.25025768916097,-35.248010110227455],[-57.252025792736895,-35.24700428303634],[-57.259581536989245,-35.24119665945035],[-57.26186608749322,-35.23985078655339],[-57.2674678702833,-35.234593814502055],[-57.27517389388357,-35.22846037125639],[-57.278823981875576,-35.22374305415695],[-57.279581482696,-35.22230352433851],[-57.28991484005638,-35.21056446429274],[-57.29170979733772,-35.20953573014347],[-57.30055117579771,-35.20121199033922],[-57.301966009774006,-35.20039046051105],[-57.3037974370298,-35.19804856839516],[-57.308309231246575,-35.193615315493915],[-57.31167600752669,-35.189522563170236],[-57.312546650204084,-35.188034864349625],[-57.31552872096009,-35.18468786892761],[-57.319071777366965,-35.181640155529514],[-57.32071713742517,-35.18075398579243],[-57.32413046950068,-35.17724750599136],[-57.325296057589355,-35.17517943896464],[-57.32594436383846,-35.17465222444914],[-57.326693083744026,-35.17287846760287],[-57.32998042868883,-35.16947898312217],[-57.33088272904678,-35.169049163778745],[-57.33232498490611,-35.16701652562822],[-57.335688063799935,-35.16381001261184],[-57.336581720766425,-35.16330070481266],[-57.33819816452832,-35.16127394794834],[-57.3386199826557,-35.1598432618796],[-57.339293465245824,-35.15914139048271],[-57.342429298741415,-35.15710823720818],[-57.345148185549625,-35.15448237741002],[-57.34756462324423,-35.15301098480923],[-57.351514665742826,-35.148585179334916],[-57.35463266928715,-35.145628054932516],[-57.3580375565869,-35.14301007739252],[-57.358908678302086,-35.142660996704436],[-57.36043067214038,-35.14120358395132],[-57.36378173682503,-35.139100972518676],[-57.36910160857732,-35.134531536650854],[-57.37127247396157,-35.13310510651407],[-57.37278040806885,-35.13139269413571],[-57.37854902646725,-35.12704339644668],[-57.38305130833768,-35.12291569669285],[-57.38569077997535,-35.12127749951387],[-57.390757733114874,-35.11673961467537],[-57.392505703751596,-35.11563533767533],[-57.39544933942519,-35.11266875531957],[-57.39997804604102,-35.109473281976996],[-57.40129794372504,-35.10888621480919],[-57.40208193578568,-35.108907579455455],[-57.404118472601304,-35.10693617958828],[-57.4055637887272,-35.10649039743695],[-57.40920931011827,-35.103899063750774],[-57.41175164434195,-35.10176755311174],[-57.41328313406437,-35.10002286536705],[-57.41942520907043,-35.095283594964314],[-57.42134848728901,-35.09276532975245],[-57.427818420356786,-35.08826615619981],[-57.429943081420085,-35.085789814004876],[-57.432755443226505,-35.08380741568707],[-57.43642655953172,-35.08024029808593],[-57.44543923533282,-35.07246203514387],[-57.44780579191332,-35.0710149767018],[-57.45394014152706,-35.06634127821046],[-57.45787252569514,-35.06426616804627],[-57.45826413511065,-35.063587665836096],[-57.45936902260781,-35.06307728288154],[-57.46129130981747,-35.06125513624282],[-57.466919777460895,-35.05805436961567],[-57.46825545685741,-35.057674574698105],[-57.46966383514522,-35.05640969057907],[-57.47482291120441,-35.05319614624455],[-57.47684214149908,-35.05091101264743],[-57.47816935508425,-35.05023456730561],[-57.4787672019541,-35.04936097953012],[-57.48010756462007,-35.04882328369737],[-57.48049069181981,-35.04819880685662],[-57.483150831963165,-35.04647492982034],[-57.48536532003631,-35.04404411189924],[-57.48769130018077,-35.04264745452263],[-57.488625154571324,-35.0414824426394],[-57.49125461811404,-35.03965632535017],[-57.492426416634316,-35.03926863251111],[-57.49302505394578,-35.03797916630853],[-57.49467696261886,-35.036433805496614],[-57.49615575905018,-35.035494292291304],[-57.49768553621856,-35.03381318460296],[-57.49912738863039,-35.03321322234276],[-57.50137354566616,-35.03114493155132],[-57.5031334171101,-35.030762306849155],[-57.50493379280629,-35.031360200015634],[-57.50629100927007,-35.03081737457868],[-57.50639048636729,-35.029775966060065],[-57.50726029234613,-35.02885681757186],[-57.506819410902665,-35.02682968070068],[-57.507528328665046,-35.02590168664148],[-57.508873039787936,-35.02498052490783],[-57.514339632532874,-35.02290124743904],[-57.516875538666795,-35.02147528567065],[-57.51756265495927,-35.02064723351056],[-57.5187135613907,-35.020279802017384],[-57.522090712196764,-35.018091611370586],[-57.527772361300784,-35.01608317803515],[-57.5301002143158,-35.01492723591117],[-57.535228349419924,-35.013733375751194],[-57.535765570517334,-35.01394393626488],[-57.53607377430059,-35.01474385522575],[-57.53679024496379,-35.014860196490076],[-57.53782890779574,-35.013992118390945],[-57.54041803933302,-35.01324521854465],[-57.54397916905299,-35.01154585582587],[-57.55292160247245,-35.009406200262575],[-57.558025257536976,-35.007709468247995],[-57.56234915496944,-35.00704960306456],[-57.563269133585166,-35.00638000124461],[-57.56445178907134,-35.00630910049155],[-57.56570104189362,-35.00564119553634],[-57.56748590780392,-35.00527799928269],[-57.58332758585523,-34.99933994304224],[-57.58998554882982,-34.99554331049784],[-57.59313023486225,-34.99456209855873],[-57.59417079110804,-34.993694392347365],[-57.596727507982756,-34.99248616281769],[-57.59879084701068,-34.99089426655815],[-57.600406592129055,-34.99097642464371],[-57.60150099095981,-34.98902756181265],[-57.603567688362446,-34.987936015867],[-57.60966278234438,-34.98260537130624],[-57.61089151984438,-34.98224578411617],[-57.613809229640076,-34.97902479969326],[-57.61936008575672,-34.9750964388052],[-57.6233165977526,-34.9717312022996],[-57.6283936834467,-34.968612208748986],[-57.63443923537732,-34.96426354825061],[-57.63768575618312,-34.96243882198258],[-57.6414425306775,-34.959147325793566],[-57.642349022262515,-34.958923193652545],[-57.64340980069582,-34.95776648406277],[-57.64714048568205,-34.95527785484614],[-57.64962773373732,-34.95377304504035],[-57.65042652410101,-34.95361147061864],[-57.6543021284249,-34.951039936832345],[-57.65662133068394,-34.95008583933675],[-57.66131473161436,-34.94716487308196],[-57.6631102386159,-34.94571035589083],[-57.66395095118189,-34.94543618815274],[-57.66496453573433,-34.94431999405571],[-57.66715774550723,-34.94274451559153],[-57.66807568094976,-34.94256367454408],[-57.67201013271772,-34.938757498407426],[-57.675236951876784,-34.93671066515159],[-57.67838615749353,-34.93565359160372],[-57.67970887230378,-34.93481463401315],[-57.684165381476944,-34.93357829278457],[-57.685199997009526,-34.933996029852004],[-57.68711559871014,-34.93324525096532],[-57.688187210416416,-34.933578906236065],[-57.69194689338008,-34.932790750788016],[-57.694102928958436,-34.93275884136852],[-57.69511973110266,-34.93229761672245],[-57.69876472794222,-34.93249269832287],[-57.699681030628476,-34.93222329268774],[-57.700745924932306,-34.93266476151874],[-57.7020701383235,-34.931986977485295],[-57.70968017986995,-34.93068488677657],[-57.71161952362449,-34.930652564859884],[-57.712896621271284,-34.92998929366404],[-57.714753754886246,-34.92993580176523],[-57.71908416449251,-34.928293372467024],[-57.72079948565692,-34.92830336646479],[-57.72237632391057,-34.92735492768254],[-57.724647295044626,-34.92669747001799],[-57.72509256803471,-34.92625246146999],[-57.727580259244945,-34.92571662353598],[-57.730618689752866,-34.92410221427979],[-57.73194457668339,-34.924213987414085],[-57.73259151895207,-34.923140022831156],[-57.73514226761244,-34.92217482439772],[-57.74060813076963,-34.91894850698946],[-57.74218679964172,-34.9186087540003],[-57.74295742102254,-34.91874581664502],[-57.74459657361912,-34.91818564171307],[-57.74946616372681,-34.9153057785591],[-57.751297230801626,-34.91540635774509],[-57.753228180529305,-34.91342775020855],[-57.754155331326636,-34.912983620954236],[-57.75812969966292,-34.90973827720324],[-57.75953943072953,-34.90906544732023],[-57.760906482407584,-34.90884684983149],[-57.76163972760835,-34.90793609827994],[-57.76610266176117,-34.906106984541566],[-57.7687427130695,-34.90405767650268],[-57.77073018493728,-34.90364512372099],[-57.773544824496184,-34.90215479708081],[-57.77558857898065,-34.90025347684318],[-57.779347679215256,-34.89826864341548],[-57.7815875105198,-34.89639839020776],[-57.7832826511702,-34.895795401100095],[-57.78508104286078,-34.89398580789934],[-57.785999945428294,-34.89364624504525],[-57.786615378107015,-34.893960411649346],[-57.787072608390574,-34.89381059932331],[-57.7883807370684,-34.89201294416465],[-57.79095959376665,-34.8898128700984],[-57.79307668135036,-34.8884805244082],[-57.79400675778269,-34.887313795229545],[-57.79597689062774,-34.88594071384276],[-57.79800279080189,-34.884149762512365],[-57.79842933794477,-34.88341359351492],[-57.79927644269678,-34.88315636549085],[-57.801539385606624,-34.880781577907655],[-57.80321869036018,-34.879762428334985],[-57.80442895968979,-34.8782679652969],[-57.8073435847129,-34.87611720315067],[-57.80789852808136,-34.87528739931896],[-57.81112307058873,-34.87359687041625],[-57.811266389959684,-34.872670157107855],[-57.812237509010075,-34.87178422530318],[-57.814813212228565,-34.87088746727028],[-57.81731196104453,-34.86772953292935],[-57.819043696655186,-34.8677831001861],[-57.821401438968714,-34.866791996227946],[-57.822805905810576,-34.86571133116887],[-57.82450570015327,-34.86533833070825],[-57.826609282701995,-34.86330530534919],[-57.82975604607321,-34.86121113788696],[-57.83289401826211,-34.85934348255508],[-57.83374251965129,-34.85921338156891],[-57.83418378677295,-34.85850109378723],[-57.84020127365953,-34.85488356990468],[-57.84084568192042,-34.85478825262974],[-57.84829604795188,-34.85004270195401],[-57.84977619457206,-34.849434437387885],[-57.86248721478832,-34.8412556881161],[-57.86939697618737,-34.8341585753264],[-57.8710910241975,-34.831255115184085],[-57.87235764242746,-34.83001862351018],[-57.873406269392454,-34.82660685836643],[-57.874187727717235,-34.826784882099815],[-57.87448596809659,-34.82819278049749],[-57.87567686385648,-34.829900266949416],[-57.87659264365057,-34.83256268284799],[-57.87744589227423,-34.833895201393936],[-57.878271034354384,-34.834557269229094],[-57.87995929952302,-34.83845597217328],[-57.884030257420136,-34.84594351287909],[-57.88427076817513,-34.846732514294516],[-57.88407135046366,-34.849147106787036],[-57.88449726752612,-34.85107028687732],[-57.882033732239165,-34.85179754413666],[-57.880434862210876,-34.85184657779438],[-57.87534457116759,-34.85391952986267],[-57.87183430964249,-34.853613645795285],[-57.869807542830706,-34.85375568788084],[-57.86734834237581,-34.85548121029298],[-57.866593593367924,-34.85727013658757],[-57.865711149831995,-34.85803895624182],[-57.86613303210977,-34.85856900709156],[-57.866907833816235,-34.858384077949715],[-57.86812806275169,-34.8561327079811],[-57.87008975286179,-34.854733789338965],[-57.87176772452579,-34.85464779612892],[-57.874076955083424,-34.855117282190506],[-57.87413203102074,-34.85558653627603],[-57.87302534934177,-34.85685621414612],[-57.87010940423843,-34.85908073831609],[-57.86687260294443,-34.86053056964396],[-57.86523032185897,-34.86094318120444],[-57.86209593167458,-34.862831220569085],[-57.85555255347788,-34.863214995482714],[-57.85125017512286,-34.865323978356834],[-57.84475109411223,-34.86576728550765],[-57.84381620039077,-34.866177153692384],[-57.84390080637167,-34.86695397070821],[-57.85132803480333,-34.86642963959554],[-57.85612728621982,-34.86425001943333],[-57.86103724007212,-34.864500337335144],[-57.86375810859548,-34.86357672925799],[-57.86578351557484,-34.862143093951474],[-57.87032739446447,-34.86046721051805],[-57.87332644096204,-34.85856467825621],[-57.87374881264411,-34.858767426847805],[-57.87421238738426,-34.86006287753422],[-57.87514615304804,-34.8604492307507],[-57.87539790246562,-34.85975338237975],[-57.874844937884326,-34.858956346574956],[-57.87487127354132,-34.857349566403954],[-57.87742259429606,-34.85512095172726],[-57.88590073302604,-34.8531320728657],[-57.89259895784417,-34.84993325467483],[-57.89406737423149,-34.85023624475913],[-57.89581994232076,-34.85008084209322],[-57.89763774086932,-34.84893197009621],[-57.898317493841404,-34.84760832737052],[-57.90927653168204,-34.84599279742297],[-57.909625222734995,-34.84631884739284],[-57.90987497710593,-34.849087136007356],[-57.91086849750511,-34.8493600597375],[-57.911168459345774,-34.848981535728484],[-57.910827589105,-34.84672185938376],[-57.91104175697266,-34.84529853583005],[-57.915574864480426,-34.84269744708198],[-57.91685428878694,-34.842334112999],[-57.917502888168094,-34.84231300478567],[-57.91927074611549,-34.84306563383488],[-57.91987736189999,-34.84419092758984],[-57.91954589531101,-34.846961446315575],[-57.918450277236,-34.84785566388613],[-57.91843046160018,-34.84834811790675],[-57.92057603707414,-34.84890541194758],[-57.922610866966,-34.849965158406064],[-57.92291183106062,-34.849414344438465],[-57.9227181288153,-34.848974262297],[-57.92102248682414,-34.84796395530417],[-57.920768848395866,-34.847487090573644],[-57.92109269033528,-34.844220834552196],[-57.920558169456896,-34.84291088654555],[-57.920571951903334,-34.84208118227825],[-57.923206845675416,-34.84174184511501],[-57.92473303985734,-34.84074721841408],[-57.92648168295344,-34.84135022514416],[-57.928700553394854,-34.84303325697173],[-57.92983376593691,-34.84304972317244],[-57.93039565269637,-34.84261846280366],[-57.93081458352822,-34.84082951045853],[-57.93335491814707,-34.840415204020665],[-57.933739292008326,-34.840652667955894],[-57.93393362472421,-34.84198181665291],[-57.93437977500077,-34.8423721136997],[-57.93895296149548,-34.843413176987475],[-57.94060124114167,-34.84313351198742],[-57.94124964520351,-34.84358002784628],[-57.98383191095395,-34.88085164888651],[-57.98449942116244,-34.8808366347113],[-57.98471581349902,-34.88031611201671],[-57.98388586979657,-34.87910975240364],[-57.9417565057764,-34.84252683520547],[-57.94080219873095,-34.842074022500725],[-57.93916181888778,-34.84240264661222],[-57.93518818254287,-34.84147717500347],[-57.934609864816686,-34.84004255428423],[-57.93366632480342,-34.83941466492893],[-57.929157437879546,-34.83996429519084],[-57.92751226300689,-34.83904353392077],[-57.92720946198345,-34.837524850512814],[-57.926109109540086,-34.836033286512915],[-57.92683975429403,-34.83425324840448],[-57.92798344235805,-34.83366149094418],[-57.928489356931415,-34.83284471448177],[-57.92988176522161,-34.83327244649374],[-57.939634770039525,-34.832884767903266],[-57.94053801229932,-34.83232331918115],[-57.941247372991235,-34.83243321455554],[-57.94546667945439,-34.83124462967591],[-57.94724967344577,-34.83379591152134],[-57.948661526000265,-34.833421148740605],[-57.94883980461362,-34.8329529455303],[-57.9474631434976,-34.830573237264055],[-57.94758967178324,-34.83008176332933],[-57.95030112116799,-34.830267311301455],[-57.95087076229679,-34.829632060733594],[-57.95206488951411,-34.829212771330184],[-57.95303107488236,-34.82929653136463],[-57.95433335545206,-34.828585323446646],[-57.95554114014102,-34.828353209813706],[-57.95597144381539,-34.82769021648411],[-57.95741973512062,-34.827067748929196],[-57.95820931116672,-34.82623894331976],[-57.960282199064075,-34.825476798758146],[-57.962666024375054,-34.8231583351547],[-57.96489810102235,-34.821679139318256],[-57.96517860822582,-34.82109209530107],[-57.96683978659554,-34.82009457552574],[-57.96754793528217,-34.819157051441486],[-57.97218379448018,-34.81573637448558],[-57.97259852997331,-34.81578404395619],[-57.97390871252832,-34.81696956196306],[-57.97457778703327,-34.81684525524664],[-57.97469557172767,-34.81632593965628],[-57.97382945959333,-34.81550826207118],[-57.97390211021732,-34.814725236853185],[-57.9756683974089,-34.813105162376786],[-57.975777328697745,-34.81204833993796],[-57.97731923830529,-34.811144443994486],[-57.97837360825929,-34.81000089010741],[-57.981161904163606,-34.80816834144899],[-57.9819102287253,-34.807343198099765],[-57.98413717672162,-34.80598060912016],[-57.98492299478083,-34.80446382390723],[-57.985738299319635,-34.80375589337169],[-57.98642617253921,-34.802115706990456],[-57.99043971896798,-34.7991666430814],[-57.99321152051241,-34.79664592481516],[-57.996541614665155,-34.79185033099007],[-57.99847079142444,-34.79067466026519],[-57.999736280005635,-34.78879714542459],[-58.0045172151691,-34.78546636163346],[-58.009555890087135,-34.783603436946514],[-58.01440850356146,-34.781128008067235],[-58.01565648199409,-34.78076103510601],[-58.01659721194322,-34.78114200425377],[-58.01728653303562,-34.78075071737107],[-58.01908441791932,-34.78081475711603],[-58.02061482286848,-34.78006114183435],[-58.02410581257527,-34.77913640050756],[-58.032535607956156,-34.778040545878746],[-58.04374226173139,-34.7775845751486],[-58.05190801354087,-34.776798214932654],[-58.05366092388737,-34.77702133155998],[-58.05492950610247,-34.77672309196045],[-58.06935900852661,-34.772416128934985],[-58.07250964127617,-34.770884903760965],[-58.07432727699414,-34.7704315508601],[-58.080713291549706,-34.767268431430935],[-58.08306398590665,-34.76579112991205],[-58.08418110144334,-34.765827753533834],[-58.08558046573373,-34.764531859811306],[-58.092580442297454,-34.76125980769063],[-58.0937270310871,-34.7603738135581],[-58.10222525017377,-34.75615395977895],[-58.10324065208642,-34.755967620631615],[-58.10397101302173,-34.75534845044229],[-58.10572323926291,-34.75472862664851],[-58.10639526511652,-34.754832884148264],[-58.107550771182545,-34.754355598271616],[-58.108561665006526,-34.7533860311771],[-58.10952100104301,-34.753436300017086],[-58.111322449774434,-34.75268642260785],[-58.11234781550057,-34.75276745668025],[-58.11479292680897,-34.75168197527997],[-58.11938942614083,-34.75069498362754],[-58.126360919395964,-34.750651436777076],[-58.1300013547089,-34.750397706662184],[-58.131933623696234,-34.749913530257686],[-58.13409247303115,-34.75039751068069],[-58.13590270579232,-34.750378791240195],[-58.13729149806671,-34.74994896236557],[-58.13820027235336,-34.75005520865023],[-58.139026041639326,-34.74954262538231],[-58.142236500871405,-34.749236044531955],[-58.143830502279364,-34.74934159479103],[-58.14423012170648,-34.75028662027833],[-58.14492712504118,-34.75039759342429],[-58.1454883583301,-34.749912191505764],[-58.146597017954164,-34.74971937606373],[-58.14902744092779,-34.749979290900356],[-58.15081651870488,-34.74908631475413],[-58.15284286201844,-34.74959355173188],[-58.15429807139297,-34.74958325264232],[-58.15553097540532,-34.74872462317936],[-58.156436291727964,-34.74865168159056],[-58.15757998900195,-34.74876566622935],[-58.15858062439624,-34.74945114508087],[-58.166060749969375,-34.74835572635356],[-58.17111331985509,-34.74711567151056],[-58.17506863646033,-34.7456203099437],[-58.17599361502994,-34.745552870811444],[-58.17656003299725,-34.74512954828203],[-58.17760437629131,-34.74538903836628],[-58.18365888441821,-34.74226221388055],[-58.18641689339572,-34.741362851672875],[-58.18837462382195,-34.740344357477596],[-58.192871048969856,-34.737667008723115],[-58.1941878566684,-34.73657349176816],[-58.19618776361423,-34.735996895096584],[-58.19757821521079,-34.73651825741026],[-58.19803698097373,-34.735953566602916],[-58.19758686262807,-34.734806924005504],[-58.19821348920598,-34.73378783241718],[-58.199314117796646,-34.73292768329168],[-58.19954939909604,-34.732067627638465],[-58.20024457740685,-34.73172176104725],[-58.20230000880364,-34.72910510410023],[-58.20404650085239,-34.728033212375294],[-58.20460798776509,-34.72707261173439],[-58.20470003096249,-34.72619753520998],[-58.20585792073822,-34.72482385621468],[-58.208989588731185,-34.724632324098536],[-58.20908652998879,-34.7240169270143],[-58.207597966936596,-34.722757881705725],[-58.20837844440763,-34.721239554383395],[-58.20956507493444,-34.720127929353204],[-58.21064647372604,-34.719648553664534],[-58.21079739801433,-34.718909325869916],[-58.21165806273183,-34.71790058252156],[-58.216341992858226,-34.71494611671325],[-58.2172787613299,-34.71489511724043],[-58.217641784400406,-34.714099890553776],[-58.22183142096729,-34.71136664563308],[-58.222794832068566,-34.71025863115286],[-58.223726448745,-34.710201863154],[-58.226831692901825,-34.708219139059935],[-58.22946641681838,-34.70745017456749],[-58.22995646862319,-34.706461000819075],[-58.231622237176914,-34.70568950684978],[-58.23369293630561,-34.70633806668301],[-58.23451484744514,-34.70531302719982],[-58.23389047873465,-34.704480440009775],[-58.23422052813468,-34.703085815753816],[-58.23827107652313,-34.700912392925616],[-58.23919167140579,-34.70097926838401],[-58.23969461643787,-34.70010430243203],[-58.2490739122867,-34.69480142596195],[-58.24988912335897,-34.69479355797681],[-58.25218209775908,-34.69382894834711],[-58.25305355108275,-34.692900023811376],[-58.25388726573333,-34.69292485698456],[-58.254727480038504,-34.6924839769681],[-58.25508266305886,-34.69191637819491],[-58.257016587436894,-34.69130742723941],[-58.25737687299406,-34.69078859367523],[-58.25953767344253,-34.68951394851832],[-58.26082211868221,-34.689521481254864],[-58.261353242244155,-34.688748615794616],[-58.26246223871103,-34.688539423574504],[-58.26380076654923,-34.68740186708103],[-58.26504597123469,-34.68730879656184],[-58.26549976275647,-34.686582766398615],[-58.267081263392065,-34.685646249757085],[-58.27057783964668,-34.68416259174832],[-58.27470027922572,-34.681528730993094],[-58.283961212711766,-34.67704206933004],[-58.29482032346523,-34.67104968841557],[-58.29852703531537,-34.66857349780722],[-58.29971405597988,-34.66832949028411],[-58.30082394226993,-34.66894541326313],[-58.301332435238194,-34.668447005778525],[-58.30094815841954,-34.66768703630536],[-58.30112755944063,-34.66727416585997],[-58.302993090124986,-34.66628769875434],[-58.304071915845626,-34.666092404539164],[-58.3072571575854,-34.66338088252649],[-58.308787142484526,-34.662730545040176],[-58.312895278500775,-34.65996468784649],[-58.31504136662548,-34.659029020273444],[-58.31618999393289,-34.658868623821334],[-58.32722892119671,-34.650036059721785],[-58.32822416179557,-34.649839767932455],[-58.3289988279836,-34.648654403194584],[-58.329001552620575,-34.6478046532099],[-58.33142297055798,-34.64605816500519],[-58.331294018458756,-34.64542727658061],[-58.3294056356439,-34.64465458725536],[-58.32929697722475,-34.64388507598139],[-58.33113096977791,-34.64237078320396],[-58.331587232856855,-34.64133551537511],[-58.33200602327248,-34.63763819548233],[-58.3326924590808,-34.635221035666284],[-58.33016193712002,-34.63205142063068],[-58.330052799802594,-34.631320125660075],[-58.337027879563905,-34.62537669937479],[-58.33865175639878,-34.62489717177955],[-58.340266212175216,-34.62358108595562],[-58.34157699500174,-34.62345151648257],[-58.342410809761645,-34.623747676007724],[-58.34324210467371,-34.62322016705336],[-58.345099106398536,-34.623710180647656],[-58.34598899703297,-34.62357279978893],[-58.347157766308925,-34.62114346590317],[-58.34597516140807,-34.62007412405224],[-58.345356760396434,-34.61997686115214],[-58.34546592212162,-34.61930320084325],[-58.34617487061438,-34.61955921136422],[-58.34802666149085,-34.61943522769594],[-58.34956602397773,-34.62021986018807],[-58.351529637995185,-34.619909569394494],[-58.35407534338926,-34.62009319930072],[-58.355509524732845,-34.619684128487826],[-58.355266656188824,-34.61901133415878],[-58.34915558910287,-34.61844240623043],[-58.348495745439116,-34.61730860802519],[-58.34755871824992,-34.61694031708538],[-58.344889796360604,-34.61715779073731],[-58.3411995195723,-34.61660193424725],[-58.34022948649926,-34.61588613395794],[-58.34034632371722,-34.614069633820236],[-58.341252334704436,-34.61089919680379],[-58.34176790993124,-34.61019140553484],[-58.34624351836458,-34.60696679140266],[-58.34726261801992,-34.602772159404395],[-58.34770259895866,-34.60211512150998],[-58.35076587014196,-34.59964666521104],[-58.35184450254652,-34.59912092695698],[-58.353433293427514,-34.597299280120566],[-58.35552552019925,-34.595900281837885],[-58.35722564810618,-34.59529291685049],[-58.35970161756207,-34.59540643249724],[-58.36057888068938,-34.59610444827889],[-58.363183413594264,-34.59707842254561],[-58.363604143754166,-34.59759194260778],[-58.36545442971434,-34.59779214664914],[-58.36601919094468,-34.59861411422279],[-58.36654925567081,-34.59858520143226],[-58.366971991557776,-34.59794225190931],[-58.36827686595734,-34.59750447609998],[-58.36945485176866,-34.59418507297168],[-58.367940050356715,-34.59306282861107],[-58.368290928013565,-34.59202334509484],[-58.367705208567365,-34.59118270399039],[-58.36830437128922,-34.59047829289196],[-58.368287740310926,-34.589904609639945],[-58.362736412827466,-34.58861344838584],[-58.36266246867474,-34.5879499152153],[-58.36386295198794,-34.58764443583677],[-58.363922541038534,-34.58600756307057],[-58.360434149909686,-34.5855930273998],[-58.360107846046745,-34.58523150006845],[-58.360526482326044,-34.58456326449886],[-58.3650191848746,-34.58492064491022],[-58.36644119516666,-34.5838129315429],[-58.36654842023192,-34.58321254325345],[-58.366233368068805,-34.582949686667874],[-58.36216007178785,-34.58263747137617],[-58.3618802447413,-34.58232227993527],[-58.36203083597715,-34.581698237790924],[-58.36919174451515,-34.582098419056514],[-58.37083781745474,-34.58112354451114],[-58.37087255826582,-34.580401753966484],[-58.36712521107403,-34.57991241615449],[-58.36691670099992,-34.579280744719505],[-58.36807939682933,-34.578640689801375],[-58.374520389861594,-34.57903917519045],[-58.37629051814232,-34.57798386688874],[-58.376346335897075,-34.57724441282018],[-58.37263355887426,-34.576814382721786],[-58.372319465493085,-34.576313665397564],[-58.3755887829761,-34.57433038210983],[-58.38212533230548,-34.574811619741126],[-58.38246872173879,-34.57582038960321],[-58.38315959173378,-34.57652941679701],[-58.385357914444036,-34.57677779680269],[-58.39319025413427,-34.57229966122694],[-58.39464680580478,-34.569846039984526],[-58.39550356817108,-34.56922062030959],[-58.3959499585151,-34.56823372073166],[-58.396997940118936,-34.56710023181858],[-58.397401391454764,-34.56717608244802],[-58.39965201505836,-34.569494598069376],[-58.400116908372354,-34.569533382234816],[-58.40044583892665,-34.56883993512261],[-58.397547653337305,-34.56565325182585],[-58.39876875841163,-34.56440268495703],[-58.39955902072585,-34.564141133059714],[-58.40069164413975,-34.56473897078911],[-58.40167205643274,-34.56404203142953],[-58.40241516033813,-34.56437256854322],[-58.403622978070935,-34.564217995887816],[-58.4106767112024,-34.55796051879974],[-58.413608040908656,-34.55625927924876],[-58.416835000267675,-34.55492924666923],[-58.423834016663506,-34.553186130563574],[-58.42665235044854,-34.552142520417306],[-58.426852211078895,-34.551733648088494],[-58.42630005953475,-34.55016894769372],[-58.429188320412926,-34.549582952565885],[-58.43099254116748,-34.548089530943216],[-58.431128969350134,-34.54606304969275],[-58.4319352536896,-34.54466686861113],[-58.43463570968025,-34.5430905315511],[-58.435728595495,-34.54128555541396],[-58.43669611366954,-34.540624833708584],[-58.44107235036259,-34.54020070797327],[-58.44181860019037,-34.538321474666596],[-58.443801766652506,-34.53665665762602],[-58.44604410111061,-34.53635961892119],[-58.44735401385558,-34.536837553987],[-58.447986484373764,-34.53772893326656],[-58.44942791581322,-34.53754561502116],[-58.450802380499916,-34.538495967920824],[-58.45144621647374,-34.539140605202185],[-58.45161015357817,-34.539801712835],[-58.45216253223312,-34.540043976657095],[-58.45448788853685,-34.53895103686477],[-58.45519264926245,-34.53760007205339],[-58.45469896737453,-34.53667544274111],[-58.45496954059072,-34.53621654794298],[-58.45839152471215,-34.5376582472279],[-58.45885295732053,-34.53761067724274],[-58.4591654201014,-34.537209585337884],[-58.459027446746134,-34.536821089277566],[-58.45552838219748,-34.53511884295517],[-58.45578550336976,-34.53321023727894],[-58.45396107772875,-34.53188113058672],[-58.453680463266814,-34.53138351827494],[-58.45372964929682,-34.53033962394152],[-58.455878753850584,-34.52771780449221],[-58.45726403348618,-34.526965250340275],[-58.45811573190673,-34.52702461758072],[-58.45954445241051,-34.527881212945935],[-58.46025443210878,-34.52712767631467],[-58.46137541197263,-34.52700948879194],[-58.461946355476215,-34.52838934834538],[-58.46258964279249,-34.5288173570958],[-58.463059694753696,-34.52865028162228],[-58.463178894436766,-34.528226917987595],[-58.46279027510891,-34.527650226208266],[-58.46297921615923,-34.5270659478398],[-58.464025815958266,-34.526510915457],[-58.466810940817666,-34.52387051581828],[-58.468200191354896,-34.52340088585659],[-58.46900880507189,-34.52135172818559],[-58.46892175860761,-34.52002638449402],[-58.47029037098274,-34.51832295201748],[-58.47013090432644,-34.51702277615783],[-58.4695091407,-34.51641621468182],[-58.469712076034334,-34.51587371895635],[-58.47235856573036,-34.51575658377072],[-58.47267540593983,-34.51550262953783],[-58.47230716435168,-34.514874525548876],[-58.47086227963275,-34.514989047701654],[-58.46921286105322,-34.51452659104053],[-58.46885244508374,-34.51347397248255],[-58.47022426603318,-34.513132510974174],[-58.47091883330747,-34.5124783603956],[-58.47336255445341,-34.51321636254459],[-58.47410972526677,-34.51295702774235],[-58.47415586091277,-34.51059101577091],[-58.47530863957009,-34.50944262932599],[-58.47453378471076,-34.50880188383108],[-58.47449615010796,-34.508395467629306],[-58.47605715722064,-34.507122471352105],[-58.476939381367146,-34.50701884208503],[-58.477733856777846,-34.50585640058194],[-58.478143184659295,-34.50441267217271],[-58.478039601469725,-34.50401095693558],[-58.47726046460772,-34.50350272222313],[-58.477115805216584,-34.50264786034964],[-58.477866873874014,-34.49895287851798],[-58.479807920766625,-34.49728080050016],[-58.48047538868465,-34.49616587441826],[-58.4802671153874,-34.49437838625954],[-58.47977345129512,-34.49316621810756],[-58.47906699274114,-34.49253535555407],[-58.47945024221418,-34.49042874724769],[-58.48069940926486,-34.48918348317329],[-58.481061305893675,-34.48588976062022],[-58.480564846737636,-34.48405387519432],[-58.4823214164505,-34.481211635676885],[-58.48234614208602,-34.479296706707025],[-58.48348691373854,-34.4786252165628],[-58.48448625379793,-34.47701243178376],[-58.486131471555055,-34.47542936400246],[-58.48680820498241,-34.47518182333211],[-58.48711295624069,-34.47446483267347],[-58.488553456646216,-34.47300088700933],[-58.489601743781066,-34.47302710059301],[-58.49063129048439,-34.47247585859514],[-58.49101082882479,-34.47187305853552],[-58.491916934342655,-34.47188968647845],[-58.4935156764263,-34.47075347472322],[-58.493776086882455,-34.469860155957754],[-58.49309706214255,-34.46894349720781],[-58.4938343551323,-34.46752296879042],[-58.49458250325187,-34.4677088807273],[-58.49628705518209,-34.46904864773822],[-58.497013781909956,-34.468909989101206],[-58.49727965558734,-34.46847482523963],[-58.4970202611788,-34.46720313283521],[-58.497304627627194,-34.46621741440766],[-58.49827532468977,-34.46612970659733],[-58.49860263427149,-34.46571762405448],[-58.497324330562144,-34.4643029367653],[-58.49729756144483,-34.46385563974103],[-58.49777932978183,-34.4636839090552],[-58.49936125079079,-34.46481689519786],[-58.49987916761665,-34.464686551488356],[-58.49990694954547,-34.46419631984401],[-58.498826244834724,-34.46327370942821],[-58.4987941214252,-34.46282468692826],[-58.50034626545943,-34.46169818260306],[-58.50143378108915,-34.46157288308485],[-58.50133430640159,-34.4604639366896],[-58.501769479699874,-34.45943990124328],[-58.50273597906917,-34.45873501056593],[-58.50285648144191,-34.45811534838656],[-58.50341112721825,-34.45765405733658],[-58.503429108329705,-34.45684171533258],[-58.50550794549925,-34.45409737497061],[-58.50594868419488,-34.45407706869776],[-58.50613999582677,-34.454474639826046],[-58.50494128918346,-34.45898492460074],[-58.503649704192455,-34.46243699650148],[-58.503641626265036,-34.462904947833245],[-58.504047418537105,-34.463192378020025],[-58.50481807012193,-34.46317391674047],[-58.50531283032237,-34.46236949475295],[-58.50633218278615,-34.46201956692259],[-58.506552667048936,-34.4613298505205],[-58.50604945095552,-34.459878738731184],[-58.50654537094487,-34.45821550403354],[-58.508619855606455,-34.45626072202169],[-58.51307433619313,-34.45389283614054],[-58.51742361706667,-34.45642050556722],[-58.52037132723783,-34.45348612012749],[-58.519634317356974,-34.45272539837141],[-58.51757894116701,-34.451834872352045],[-58.51751620477193,-34.451266699850486],[-58.51839075848219,-34.45130920216379],[-58.51988213159337,-34.452218667863704],[-58.520597425012156,-34.45223892971385],[-58.52092475482846,-34.45182186571023],[-58.520648283914085,-34.45123885051498],[-58.51813634663524,-34.45002519732331],[-58.51808301125521,-34.44943695587312],[-58.52118908467851,-34.448560749704384],[-58.52196151454553,-34.448866376813015],[-58.523398487858834,-34.44859201124989],[-58.52530008617354,-34.44782154460099],[-58.52538504533307,-34.44732416066566],[-58.52453723085693,-34.44604086595624],[-58.52452832828057,-34.445290399518],[-58.52332075835843,-34.44328673557196],[-58.52253167134449,-34.44307566199206],[-58.52179278836327,-34.44182365909707],[-58.52001185424467,-34.442297388375685],[-58.51983883431509,-34.443328754009485],[-58.5194477724049,-34.443552129080295],[-58.51417493064614,-34.44137300839564],[-58.51125403247556,-34.440726063125695],[-58.511188091943794,-34.44031848074383],[-58.51226165409555,-34.4385084028837],[-58.51256486308397,-34.43712897596884],[-58.51259603306472,-34.43566329425204],[-58.51187359301908,-34.434295477427774],[-58.51297461770246,-34.43319049300439],[-58.51266036190223,-34.4325877707216],[-58.51052067925536,-34.433781374445516],[-58.511649591544106,-34.43616932492582],[-58.51118338371354,-34.43844835554275],[-58.50993036697369,-34.440059310098064],[-58.50898297332253,-34.440047939849926],[-58.50814136596287,-34.43959455703781],[-58.50767240541934,-34.43891452209161],[-58.50459832622098,-34.43832713515494],[-58.5042263369739,-34.43536798581772],[-58.50626373773162,-34.43369677266119],[-58.50649170121976,-34.431057887432935],[-58.50534925876467,-34.429163269937305],[-58.504292618406005,-34.4287404656165],[-58.50488112681809,-34.42641404301766],[-58.50658998717378,-34.42396335816268],[-58.50649140273857,-34.42303418513617],[-58.512670052525294,-34.41439995548037],[-58.513545064288486,-34.41249294758857],[-58.513077252550914,-34.412223539134935],[-58.511361278645786,-34.41339682840902],[-58.50428403500916,-34.414776991060364],[-58.50346646154672,-34.412875136863974],[-58.502560680588495,-34.41190864823812],[-58.50286896788875,-34.410246741700384],[-58.50375204586555,-34.40959391416512],[-58.50399082184293,-34.409039546039615],[-58.50356098048751,-34.40839673544493],[-58.501213403140326,-34.40917265027902],[-58.500298424206576,-34.408206518096534],[-58.49556993514799,-34.40846221350938],[-58.4939787113137,-34.40793715758472],[-58.49360233292626,-34.40627928513956],[-58.492289915286726,-34.405274546170205],[-58.49257833780827,-34.40383607554543],[-58.49126803505065,-34.4031028874738],[-58.49158324470529,-34.40243807584502],[-58.492931939247086,-34.40121290206135],[-58.49273530463715,-34.40052657139332],[-58.49179397040819,-34.40036555295026],[-58.48948783937498,-34.401624613653986],[-58.48765237645686,-34.4007831044999],[-58.48778615154625,-34.400074504191764],[-58.48865591733029,-34.39921115110524],[-58.4886353538287,-34.39863901615129],[-58.488255310554294,-34.398300368395965],[-58.486359389058286,-34.39883134220154],[-58.48567972766005,-34.39835686959177],[-58.485694857512996,-34.39733967612987],[-58.48482160203654,-34.39673913294068],[-58.48382398170143,-34.39707297064755],[-58.482898370586355,-34.39787109975103],[-58.482000328444414,-34.39764736973656],[-58.48185774966752,-34.39541333496068],[-58.48311429927936,-34.39052851978375],[-58.48427579158617,-34.38887513337429],[-58.4887955372952,-34.385307251723034],[-58.488809855439584,-34.38472374414012],[-58.487445918065816,-34.38405703384118],[-58.48595847438093,-34.38487777066123],[-58.482812799438385,-34.38509211965661],[-58.48149805517809,-34.384824547849185],[-58.48104294578092,-34.38423450873104],[-58.48192291924074,-34.38283055238642],[-58.48130504770615,-34.38218835863743],[-58.47738936701616,-34.38524221226375],[-58.47598962433166,-34.38552457900338],[-58.47481657966,-34.385330090633175],[-58.474306830385714,-34.383891136178015],[-58.472686661772094,-34.383363306840536],[-58.47105955783135,-34.38406666404317],[-58.4697503267285,-34.38531293871954],[-58.4684987551362,-34.38599375829324],[-58.4666302830157,-34.38613259413155],[-58.46534998759884,-34.38563506842505],[-58.46452424812722,-34.38454805997654],[-58.464472354477834,-34.38255189448475],[-58.464072254276005,-34.38111474945567],[-58.46447583631627,-34.37968371903577],[-58.46576351010771,-34.37780931747882],[-58.47185750930398,-34.372364943528204],[-58.47426801888021,-34.37077551904964],[-58.47501434933986,-34.370720594516136],[-58.476585942933944,-34.371512981945294],[-58.477259060538415,-34.37260463422173],[-58.47785173631067,-34.37277839080597],[-58.477967052202594,-34.371848635010636],[-58.47720017782512,-34.370728537729455],[-58.47586978452192,-34.369958665818686],[-58.47448397818358,-34.36963501410356],[-58.47135084791777,-34.37134727937786],[-58.46536274636564,-34.37631797849418],[-58.46192273167393,-34.38109054472951],[-58.46122954168123,-34.381385011395245],[-58.460841979243845,-34.38272712686025],[-58.45861241697707,-34.38430286319484],[-58.45827358170237,-34.385391559864075],[-58.45761752116797,-34.38566462802029],[-58.45582052116959,-34.38765038336311],[-58.45509378063524,-34.38769687374746],[-58.454805151975336,-34.38735873549661],[-58.45672718533951,-34.384049959125214],[-58.457528846565275,-34.38355741164825],[-58.45812735620479,-34.3818211235237],[-58.460932157040844,-34.37769625603408],[-58.46090680560204,-34.37674607036344],[-58.47590021702214,-34.3538512736653],[-58.48240244333602,-34.34027224399092],[-58.485324155188415,-34.33548775321913],[-58.489673599567645,-34.32932244051891],[-58.49073524852211,-34.32884794506948],[-58.49248169109397,-34.3269430619989],[-58.492747837742044,-34.32512704810816],[-58.498829212277634,-34.31871876816665],[-58.50099183702,-34.31688783411281],[-58.50274420093736,-34.31586580126781],[-58.50321786342926,-34.31508150433188],[-58.50614927129902,-34.31310765393625],[-58.507000895421235,-34.31207540142212],[-58.510979061026084,-34.30954588860484],[-58.51135061145225,-34.308662086012646],[-58.5146975411341,-34.3063962532399],[-58.51593448618873,-34.30621542140667],[-58.5168125644368,-34.30532328735135],[-58.51839044634964,-34.30465731668585],[-58.530887194833795,-34.313287024955],[-58.53670494822277,-34.31451748784045],[-58.541141547280105,-34.3070566123289],[-58.54188955075285,-34.3062489004588],[-58.542692302186715,-34.30586958730476],[-58.543728928275456,-34.30720299420948],[-58.54430008439976,-34.30728505235926],[-58.54563618210935,-34.306393401134684],[-58.54480078964612,-34.30523483065635],[-58.545002895268276,-34.30444825947995],[-58.55059757280864,-34.30244066253732],[-58.55456168037129,-34.30520606637005],[-58.55427399200921,-34.30606769256541],[-58.5544842463913,-34.30739883434035],[-58.55381865330395,-34.3098094537253],[-58.55302412766064,-34.3154158159848],[-58.55325377544884,-34.31579331437648],[-58.55380379772929,-34.315805388142195],[-58.55410111867786,-34.31549330748544],[-58.555038825309104,-34.309296655456265],[-58.555505848848334,-34.30797867281674],[-58.55544882399578,-34.306363431490084],[-58.55587635595063,-34.30528245727422],[-58.555384574823464,-34.30426421017065],[-58.55272905745114,-34.30245151741405],[-58.55278441652197,-34.30186382089491],[-58.56754628946979,-34.29506523382559],[-58.570747559526474,-34.294167990031184],[-58.57574819940399,-34.290054244042565],[-58.590898464467465,-34.283293256195975],[-58.59601905025097,-34.28165723434476],[-58.598742803075496,-34.280352641655824],[-58.60712363600866,-34.277766550735656],[-58.620469296217145,-34.27467026355563],[-58.627198092977444,-34.27365125275698],[-58.63779388111897,-34.271424277444225],[-58.639166222180215,-34.271564234447446],[-58.63927851089607,-34.27250853614347],[-58.63891202368285,-34.27343706931775],[-58.639672887468876,-34.273843170175766],[-58.64059156070882,-34.27283974196308],[-58.64180078649037,-34.272663911380924],[-58.64172211810065,-34.2719196527391],[-58.640783845689,-34.271562317433066],[-58.64094535307365,-34.27102164262033],[-58.64222772823137,-34.270668668334686],[-58.643528074784705,-34.27093011644524],[-58.644809589418024,-34.270598430930505],[-58.64531935938231,-34.27008391352848],[-58.64934171855198,-34.26904184259056],[-58.65014619109608,-34.269264981324284],[-58.652865225123044,-34.27151926700182],[-58.65451795550334,-34.27531316327006],[-58.655466804908784,-34.278964130895176],[-58.6570553761903,-34.278895025080594],[-58.65733123733009,-34.277895266687764],[-58.6562668503443,-34.27546105982422],[-58.65523431798557,-34.27178149435085],[-58.653917825466394,-34.270054262428864],[-58.65233287605318,-34.26872732546645],[-58.652547797745314,-34.268294775057804],[-58.654597578118086,-34.26751705223192],[-58.65906093317531,-34.26635262218405],[-58.670786573285206,-34.26248909626274],[-58.691179144326355,-34.25692315357217],[-58.70822969047044,-34.25136818289873],[-58.71524421713417,-34.250225424998135],[-58.72036802025727,-34.2488980544814],[-58.72402132303622,-34.248453557413626],[-58.72442411359927,-34.24866567055322],[-58.724797847912534,-34.24992112976561],[-58.72574394611063,-34.25005443410991],[-58.726585047651554,-34.249511096291855],[-58.726732693635945,-34.24818956670281],[-58.7270495555076,-34.247888799015804],[-58.72863292569145,-34.24796543203015],[-58.72917229649174,-34.249009447419134],[-58.72954604097921,-34.24916115811666],[-58.730384955728766,-34.24880666669944],[-58.73036864607333,-34.24745207573744],[-58.73200803538842,-34.24704760916316],[-58.74384455897861,-34.24502697806086],[-58.75625317275566,-34.242414716206554],[-58.75812793218159,-34.24331093871706],[-58.7651386174876,-34.24212924407984],[-58.76665438953753,-34.24025507574452],[-58.77786286223221,-34.23863992041834],[-58.781293379310846,-34.236863031084944],[-58.78481419990178,-34.23562228271392],[-58.786518128595084,-34.23543586528302],[-58.78726924373685,-34.23654943290384],[-58.788662024051796,-34.237261101140376],[-58.79001306935974,-34.2365233659092],[-58.78892419124472,-34.23454166404245],[-58.78910792953331,-34.23405635104887],[-58.78993835912803,-34.23401467236993],[-58.79033005692255,-34.2334832320873],[-58.79266958854659,-34.232340115938804],[-58.79357257674262,-34.23240731676734],[-58.795501485008494,-34.2308221125551],[-58.798240915919095,-34.23154218721846],[-58.79899179477788,-34.23240342262968],[-58.79954457752961,-34.23477942935138],[-58.80239515717823,-34.23623889550279],[-58.80255149219504,-34.23685299788805],[-58.79890316313023,-34.242500793647324],[-58.796634087376994,-34.244228508942264],[-58.79391469248348,-34.247966901123306],[-58.79313324966469,-34.24971223282794],[-58.792964590069296,-34.25167276357643],[-58.79126517344667,-34.25291448730578],[-58.78885397202446,-34.253679394805815],[-58.78746413421788,-34.25476851986345],[-58.78659980939934,-34.258428781102396],[-58.785173107427866,-34.26115442546577],[-58.78395459327535,-34.26446019128293],[-58.78093640596714,-34.26761276134288],[-58.78073897475564,-34.26993103933211],[-58.781016472056564,-34.27023494455911],[-58.781544969931325,-34.270181940153776],[-58.782109366350305,-34.267650438675474],[-58.7840520555169,-34.26590324845623],[-58.785212240822226,-34.264210615132164],[-58.78612956404174,-34.26153634772307],[-58.78756937182662,-34.25891550384149],[-58.78837416272324,-34.25544463660396],[-58.7936627086659,-34.25253950739117],[-58.79413288153801,-34.251763777528005],[-58.79413707059924,-34.25000823396886],[-58.79459995179768,-34.24881378346581],[-58.797259928062736,-34.24507901857206],[-58.79938361639224,-34.243525993122645],[-58.80346726407336,-34.2374879994504],[-58.803676689999996,-34.23672648348231],[-58.80347976894848,-34.23599088914497],[-58.80284730748808,-34.23536967225353],[-58.80043414026445,-34.234181565965436],[-58.79978581250968,-34.231732827675195],[-58.79899422077106,-34.230765441759914],[-58.79805429765022,-34.23030237706764],[-58.79804526450762,-34.22975994161998],[-58.80419461011519,-34.22686766634935],[-58.806215316102495,-34.22823458261877],[-58.8099114387956,-34.227943327374],[-58.810052747097494,-34.22742634839252],[-58.8097425912697,-34.227112679417154],[-58.806577230177695,-34.227343826596574],[-58.804258367089865,-34.225882120899165],[-58.80414573692106,-34.22542353780697],[-58.82239016700531,-34.21238844904173],[-58.83070869730194,-34.20701049713412],[-58.83134763760253,-34.20629184705105],[-58.84472266091628,-34.19710848455468],[-58.84756463509901,-34.194286477788076],[-58.85464224664016,-34.18586795970485],[-58.85826469648206,-34.18249918442528],[-58.862236773646124,-34.181574186437295],[-58.866806090438835,-34.180949530577536],[-58.87507186930919,-34.181301684713624],[-58.88535750535643,-34.182923354029164],[-58.888426128949,-34.183898109246876],[-58.89054510879595,-34.18544763792686],[-58.89248419057524,-34.18611198024979],[-58.89365120350287,-34.185948665458184],[-58.895730258057725,-34.18655936685982],[-58.90158087848873,-34.18639400478445],[-58.90304296818392,-34.18494166548471],[-58.90497370399471,-34.18484623589378],[-58.90579605263442,-34.183984838584436],[-58.90640004466848,-34.18099045512615],[-58.90887415362089,-34.17631303758928],[-58.90897699267019,-34.175446847220854],[-58.910341711992125,-34.17397818076337],[-58.91058206290019,-34.17221399139062],[-58.91117155179479,-34.17183566079249],[-58.91254890932222,-34.16976437056889],[-58.91368985201671,-34.1655454058871],[-58.91619153962021,-34.16130512292926],[-58.91927621230169,-34.15803937710352],[-58.9215992768302,-34.15632513804397],[-58.92740816484222,-34.15284019827733],[-58.93100655379151,-34.151581514820265],[-58.93554701898706,-34.15133923],[-58.938345361889816,-34.15160448452688],[-58.94745254265227,-34.154280558368114],[-58.951195451640416,-34.155003674170274],[-58.956099291876924,-34.155579595654984],[-58.959141529891646,-34.15560581713893],[-58.967178309391755,-34.15296040496963],[-58.968952782491975,-34.15272699769164],[-58.97309044696087,-34.150624300059235],[-58.975872409645326,-34.14879633923522],[-58.98017195955243,-34.14486437729122],[-58.98733922671902,-34.144111181597765],[-58.988189483618775,-34.14460896449846],[-58.988458120000004,-34.14569940284153],[-58.98843963275979,-34.14665335658606],[-58.987592998363006,-34.148991586082985],[-58.984125631025954,-34.15141033875678],[-58.982286434077416,-34.153263388757495],[-58.98183430020425,-34.154518526104724],[-58.98194502055276,-34.155182913989556],[-58.983170169954306,-34.15596103801854],[-58.98301931348564,-34.15755296342779],[-58.983954058738945,-34.15771588783202],[-58.98481617784789,-34.15695886286665],[-58.98650387392331,-34.159024240185005],[-58.98739097762708,-34.158737610492395],[-58.98746344344175,-34.158213476044125],[-58.98400934917207,-34.15400042965553],[-58.98596282863016,-34.15211661752469],[-58.98837273435198,-34.15046000632904],[-58.98933539476735,-34.149231380862794],[-58.99002813245449,-34.14693232068512],[-58.98978781592994,-34.14413036271758],[-58.989086388528754,-34.143115972601066],[-58.98729358803068,-34.142461087823975],[-58.985194977278674,-34.14104754609015],[-58.98655473731358,-34.13886326911959],[-58.98671643390567,-34.13736042676942],[-58.986477426928666,-34.13551098863648],[-58.98504320778128,-34.13321042959019],[-58.982647414509835,-34.131669295883164],[-58.97681970654473,-34.13028669127568],[-58.975251787819616,-34.12949303291608],[-58.974411326426285,-34.12651185109544],[-58.975093053245146,-34.12589655162787],[-58.974803976350394,-34.12405108259493],[-58.97651829032907,-34.11902340729795],[-58.97897198000106,-34.115626382376256],[-58.980778467400405,-34.11412509317312],[-58.982413832172234,-34.11379825664855],[-58.98876034289213,-34.11731386729063],[-58.989700166554584,-34.116296415026945],[-58.98887205365091,-34.11554267599095],[-58.98879348779928,-34.11474654943084],[-58.988157740260434,-34.1143948901224],[-58.98689928787413,-34.11438900651419],[-58.983972312475395,-34.11273317087592],[-58.98393507627734,-34.11210897563684],[-58.99109812497096,-34.10879264091729],[-58.996261737982174,-34.10784736087065],[-59.004918170278096,-34.105189889175726],[-59.00741105277131,-34.10391051247514],[-59.00899642335156,-34.102638076663986],[-59.00976239802279,-34.10272708382385],[-59.01044081585871,-34.102223010458445],[-59.01076082410812,-34.101317666268635],[-59.011878371741446,-34.09992874036003],[-59.01258509503888,-34.09697751594743],[-59.01427623396185,-34.09237408447881],[-59.01470507731677,-34.092249067819665],[-59.01724142805877,-34.09335844180381],[-59.017902412522695,-34.09274653252058],[-59.01782199520532,-34.092340238262686],[-59.016864975659956,-34.09168598859839],[-59.01763401698079,-34.090773760155635],[-59.01785237626249,-34.08998300441453],[-59.01684145458199,-34.08947659507783],[-59.015844217964585,-34.08941250869048],[-59.015644965968406,-34.088516331725636],[-59.01616307953796,-34.08762207682551],[-59.01861247618303,-34.08815407018116],[-59.019908113677374,-34.087232919483625],[-59.019919601156275,-34.086624101265286],[-59.018650368574434,-34.085383005764825],[-59.017238605598756,-34.08509966112073],[-59.017997055607665,-34.083613571020635],[-59.019927929056486,-34.08182295908584],[-59.021408903240825,-34.082590200843306],[-59.022571343069934,-34.08235522404994],[-59.022828996741666,-34.08135489814754],[-59.02205218115461,-34.08031898236907],[-59.02209816123391,-34.07988433320534],[-59.02495102148306,-34.07723246230787],[-59.026156234590275,-34.076848330353165],[-59.02634564895084,-34.07606864382573],[-59.02946695480895,-34.07237204552706],[-59.03019559113846,-34.07204664216816],[-59.03046309926271,-34.07135482771929],[-59.031817639466716,-34.07010715579718],[-59.03454398164041,-34.06579846593164],[-59.03528719322219,-34.06549905603838],[-59.036884371380495,-34.06319185133381],[-59.037383030141044,-34.06314820523426],[-59.038128473271904,-34.06414898182777],[-59.0388861919588,-34.0645230724953],[-59.039531940838685,-34.064566159633515],[-59.03983296701669,-34.06426934247434],[-59.03989626460003,-34.06348800917509],[-59.0376329838013,-34.061906379087375],[-59.03883585747689,-34.059461127402486],[-59.038256038155964,-34.0585284847303],[-59.038387794325445,-34.05641686312795],[-59.039042769464956,-34.05526443423109],[-59.03888286428727,-34.054342129735275],[-59.03942782589874,-34.05275415155852],[-59.04423676453649,-34.04541084267202],[-59.045582096543605,-34.045026569485486],[-59.04654756629887,-34.04566578861877],[-59.047059983870895,-34.04559902695047],[-59.047478499674774,-34.04503856779924],[-59.04721624421475,-34.04413250587976],[-59.048252934305104,-34.04333655027986],[-59.05115969456435,-34.04271480544351],[-59.051605888663296,-34.04310499156383],[-59.05111986331428,-34.04427443260554],[-59.05190054879391,-34.04463141488128],[-59.0539759831633,-34.0423070510309],[-59.057689439688,-34.04252562950555],[-59.069191674344005,-34.04497436456841],[-59.075391733405134,-34.04561657982413],[-59.08847587525375,-34.0439953525049],[-59.09190938983805,-34.04314324575231],[-59.09490939056789,-34.043632786071775],[-59.09588879393318,-34.04337475716914],[-59.09865662011504,-34.04102796051081],[-59.100453123388476,-34.040714922177685],[-59.10172047018919,-34.038909119146794],[-59.10368861102896,-34.0392215209938],[-59.10385819821916,-34.038529551488764],[-59.10272572532532,-34.03785364576393],[-59.10297998383393,-34.037169264533],[-59.10284280095115,-34.036082411954254],[-59.10369366947188,-34.035612473973906],[-59.10483518149117,-34.03406991779978],[-59.10541019814659,-34.03377781541598],[-59.10549741232657,-34.032500514461105],[-59.11094191634121,-34.02750166866388],[-59.11772584766619,-34.02323377218059],[-59.12922942399243,-34.01736099541167],[-59.12969235162461,-34.01745270759778],[-59.130277563977586,-34.01845932676297],[-59.13091965240711,-34.018336981592334],[-59.13110378795368,-34.017961154500455],[-59.13062014783174,-34.016738173995066],[-59.13078850423502,-34.01632701018135],[-59.138973141962516,-34.01127951240205],[-59.14211913582225,-34.00984374793673],[-59.1472560390538,-34.006619201659035],[-59.148444419420656,-34.006326204659736],[-59.14926728630567,-34.005104340197306],[-59.150086715584386,-34.00466250098965],[-59.15094827497737,-34.00362300632387],[-59.15113387161167,-34.00204938020203],[-59.14980805085174,-33.99896455753282],[-59.14870607791244,-33.99791885984384],[-59.148612129915044,-33.99692806581112],[-59.14692287167791,-33.996682317309556],[-59.14615980206185,-33.99606207328619],[-59.144868323932315,-33.99621425804241],[-59.14380290531438,-33.995419668202075],[-59.14328142249282,-33.994346712110556],[-59.14413500519628,-33.99190923462012],[-59.145964806863255,-33.99077263975153],[-59.15373939977528,-33.98726142248978],[-59.15749974157409,-33.98446096285436],[-59.159786714366454,-33.981718772673936],[-59.16109456729999,-33.980650116971034],[-59.16451256738672,-33.979337984934844],[-59.169421832017385,-33.98000172797108],[-59.170620240710726,-33.97988286747116],[-59.170660576335564,-33.97906349378248],[-59.16926706821396,-33.97854417035225],[-59.169193586215236,-33.97798361572459],[-59.17347510493319,-33.97617979394998],[-59.177520788443196,-33.973632294093264],[-59.17869535211531,-33.972076394718144],[-59.178152614439,-33.970962971416306],[-59.17914174800155,-33.96980762855479],[-59.17905163565581,-33.96913326309797],[-59.18015074982797,-33.96645201094782],[-59.18093905912722,-33.96317467819243],[-59.18129028830433,-33.96294818162941],[-59.18370435476198,-33.96300730944313],[-59.184025474369776,-33.96106699534305],[-59.187908355599085,-33.961325517398016],[-59.197580472929594,-33.96394123732315],[-59.20124210990426,-33.963973735971756],[-59.202024584485166,-33.964216702596055],[-59.202949108012376,-33.96577094379112],[-59.20387908016624,-33.965420731423904],[-59.205254205739685,-33.965552615316355],[-59.206054973791055,-33.964794788305596],[-59.20602847681943,-33.96377287918274],[-59.20822454930971,-33.963105334066704],[-59.21123710904838,-33.960699609811044],[-59.21187851726538,-33.959313000536355],[-59.21175888769594,-33.95781318650251],[-59.21255573028252,-33.95732379756647],[-59.212758189165534,-33.95642229057972],[-59.214284856753686,-33.95470388234465],[-59.22115889361421,-33.95418755589531],[-59.22867041208781,-33.954561502484864],[-59.23987759100931,-33.95181511391287],[-59.24022707558801,-33.95202184759016],[-59.24096846984707,-33.953815970027755],[-59.23983223253064,-33.95466002503941],[-59.2397363480163,-33.95574473184899],[-59.24161511970259,-33.957118754404426],[-59.243074284826896,-33.95776692106505],[-59.243355933848896,-33.95892107495592],[-59.24421396094841,-33.95949545469565],[-59.24770923578939,-33.9566173923147],[-59.24719211329524,-33.95591888295314],[-59.245836660926074,-33.95617815357546],[-59.2447813599596,-33.954549955922],[-59.244884662882136,-33.95407544389375],[-59.24612029424733,-33.9538554554826],[-59.24678097872695,-33.954590215615525],[-59.249114736163484,-33.955483006885444],[-59.24966715048465,-33.955297706525315],[-59.24988240757769,-33.95456138106583],[-59.24760739331137,-33.95338767012094],[-59.246499745673965,-33.95225353306502],[-59.24501014970857,-33.952301528752564],[-59.24443876071131,-33.953092813549915],[-59.24354484555986,-33.95348047480902],[-59.24274361825806,-33.95300084181989],[-59.241880219310836,-33.953129461807116],[-59.24138800415961,-33.95256546345449],[-59.24145000829588,-33.95154379518238],[-59.2433332744105,-33.95139678832048],[-59.244476594921785,-33.950910172009166],[-59.24995390971188,-33.95096416307132],[-59.25025806282051,-33.951295085006024],[-59.249970144984076,-33.95192656768402],[-59.25014797493719,-33.95245166145336],[-59.25157846773397,-33.953503458156206],[-59.25224384263966,-33.95290509532439],[-59.25162976265842,-33.9519736297392],[-59.251390897620716,-33.95046351071511],[-59.25381928363196,-33.94972581517434],[-59.25788401600224,-33.94787007516035],[-59.25818445507675,-33.94717624998833],[-59.261068693850724,-33.944443671641416],[-59.26193011706458,-33.94201781956215],[-59.26143615076793,-33.93918371805325],[-59.261878837510196,-33.935699612442434],[-59.2612872670754,-33.934041411289606],[-59.26051062010557,-33.93352861790745],[-59.25926145464832,-33.93176355356563],[-59.25745146546778,-33.93054932086271],[-59.253519879414334,-33.92907752565504],[-59.23690056970093,-33.92679442777799],[-59.233796251050926,-33.92576089000271],[-59.231246124044276,-33.923816592894944],[-59.23135144862571,-33.92211259895246],[-59.2318921180252,-33.9213668712735],[-59.23117470487177,-33.92074698213722],[-59.23096288603435,-33.91959017375026],[-59.23140703249292,-33.918655994559074],[-59.23093018829448,-33.91803386909469],[-59.23096614438056,-33.91733327076517],[-59.23155115870566,-33.91554031773096],[-59.233174931218905,-33.91270842590128],[-59.23715494497519,-33.90797792472722],[-59.239192445177316,-33.90400915948515],[-59.24131839822493,-33.898154076919745],[-59.242324853654786,-33.89716128333029],[-59.245121255417345,-33.89580688315454],[-59.24917575342712,-33.89441595048363],[-59.25087882149951,-33.8940063354096],[-59.251490175061825,-33.894791902146444],[-59.25197055619053,-33.89485785684965],[-59.2524750786259,-33.893803027847724],[-59.25418394782115,-33.89318003370087],[-59.258321263295684,-33.8908238025317],[-59.25918222844481,-33.89065815518231],[-59.2593533632724,-33.88976820006831],[-59.26055482061621,-33.88889621451561],[-59.263480005907304,-33.88399343475444],[-59.27138913489154,-33.87749840535027],[-59.27248984565474,-33.876220534404396],[-59.27335306825674,-33.87607917819291],[-59.27335541327804,-33.87520307970977],[-59.27368863381659,-33.87471544507209],[-59.27541175640743,-33.87289789331191],[-59.27783765649606,-33.871144932980606],[-59.28378107116941,-33.86821228615252],[-59.28819636635129,-33.866614463926],[-59.29125234620573,-33.866003402426585],[-59.29204872436925,-33.86613794745773],[-59.29336221709795,-33.86540754932981],[-59.29492609027946,-33.86583615008921],[-59.29545139087245,-33.86513678100982],[-59.297831051497205,-33.86433117463753],[-59.29976671816682,-33.86499955215347],[-59.30015595110844,-33.864855680802165],[-59.30032598028361,-33.86392932354851],[-59.30124213032133,-33.86353133344886],[-59.30225885197181,-33.862186540069025],[-59.30254921087868,-33.860295415210395],[-59.304646682379456,-33.8584455052898],[-59.30582189451384,-33.85699831779634],[-59.30632317274237,-33.85575436450709],[-59.30721916070718,-33.854988946156396],[-59.30730524090854,-33.85422940045607],[-59.30620366351297,-33.851631400011335],[-59.307546191921155,-33.850064411206006],[-59.30768261968613,-33.84929528889178],[-59.30556062231633,-33.847092426138225],[-59.302697861416824,-33.846003861170914],[-59.30207531755522,-33.84518842426515],[-59.302175766964304,-33.84423399809527],[-59.300945714228675,-33.843984802461286],[-59.30028990703567,-33.84277496787922],[-59.29847400370544,-33.84118586325471],[-59.298633286422906,-33.83995438227491],[-59.29731568143803,-33.83999851391991],[-59.29578671708279,-33.838282969844556],[-59.29494075752548,-33.83693823914834],[-59.294681435229045,-33.83585533165005],[-59.29507940767267,-33.8348436988254],[-59.295861907510535,-33.83408002376158],[-59.29777855410701,-33.83347763673895],[-59.301427886782854,-33.833562465017835],[-59.30492542475512,-33.834383159532],[-59.31041239117675,-33.83490904371658],[-59.312844075551915,-33.835807104230305],[-59.31396580986786,-33.8366072880725],[-59.31510390430561,-33.836441031016136],[-59.317409487305206,-33.83726475206245],[-59.318623340849584,-33.8368651175554],[-59.323263894702954,-33.83642837427975],[-59.32368717338635,-33.83599471906699],[-59.323476869849706,-33.83497538452742],[-59.32623857956491,-33.83335190579401],[-59.32839748832613,-33.83285886242071],[-59.33484272681515,-33.82981941863919],[-59.34228449247453,-33.825462796129],[-59.34377176227467,-33.823656583103116],[-59.34618468092472,-33.819278926120504],[-59.34805096472006,-33.81809119279497],[-59.349361272745064,-33.81620985927595],[-59.35007094627477,-33.8146127847424],[-59.3497339407787,-33.81338863611217],[-59.349899487465834,-33.8127250994178],[-59.35122927149672,-33.81019244830747],[-59.35113291549922,-33.80927427057374],[-59.350190640743186,-33.807597394196144],[-59.34991432926157,-33.80541261504921],[-59.3481442235148,-33.80223778032941],[-59.34738111355872,-33.80142671242244],[-59.34555549166216,-33.800599248457296],[-59.34566824774737,-33.79869644761599],[-59.34542110413172,-33.797742680181194],[-59.34494509576101,-33.79737383233665],[-59.343870449779054,-33.797241233183954],[-59.34094207561343,-33.79473835733453],[-59.33930933108992,-33.79438626097632],[-59.33879388209677,-33.79307134105113],[-59.337774323405135,-33.792175616180906],[-59.33598467350802,-33.792030492373165],[-59.33033065244318,-33.78952247210504],[-59.316991042961526,-33.78573698122234],[-59.30458114821324,-33.78428026293277],[-59.29428210703309,-33.781853483166614],[-59.28112491710697,-33.77676775801624],[-59.27386685078271,-33.77308907975519],[-59.27229085139738,-33.77197136749843],[-59.271665890937,-33.7704938468226],[-59.27177844314957,-33.76217844510781],[-59.27114520750442,-33.761669438480936],[-59.27032347808489,-33.76179308687264],[-59.270068932767764,-33.7614387030822],[-59.27095068547876,-33.75650616080796],[-59.27226323391444,-33.753732864555204],[-59.27491549639446,-33.75000503909367],[-59.274831064970435,-33.74895830674719],[-59.27439017642466,-33.74813908038696],[-59.27540443925035,-33.74594987500583],[-59.279067316414846,-33.74034271187311],[-59.28058641303558,-33.73924898672593],[-59.28380444380111,-33.73586468661777],[-59.28674350077041,-33.73548445781449],[-59.29318730300545,-33.733116129184076],[-59.29932478290196,-33.73168293715402],[-59.30395310630395,-33.73128819486297],[-59.31173067640299,-33.73140939616131],[-59.32067579994255,-33.73366799274021],[-59.32483030800628,-33.734234860421715],[-59.33784124725569,-33.73778245073958],[-59.34267041826843,-33.74072539348315],[-59.347806453237474,-33.74294950565328],[-59.34910001518625,-33.743994060050774],[-59.35111738962925,-33.74209561363798],[-59.35201538114685,-33.742026068973125],[-59.358541145515474,-33.74333056665302],[-59.36101953693766,-33.74505584619425],[-59.36683675639629,-33.74620027921468],[-59.375001320528426,-33.74702782725364],[-59.38457650975298,-33.7458375461748],[-59.39142646892415,-33.745727],[-59.391944747671864,-33.7458845165218],[-59.39230665046742,-33.7464904412294],[-59.396741559823866,-33.7482174754634],[-59.4049210875275,-33.74280869984114],[-59.41294654250257,-33.73903301472957],[-59.41772037768204,-33.7379909471569],[-59.4203904639643,-33.73774769981353],[-59.421728929514835,-33.738051721771775],[-59.424209951310516,-33.73664939921146],[-59.42891656092005,-33.73621370804537],[-59.429931071538114,-33.73573282506263],[-59.43100026162198,-33.73464691982234],[-59.434800086138004,-33.73405632182773],[-59.44525207391382,-33.7303263567333],[-59.44870404085772,-33.72854340914945],[-59.45472352613954,-33.72619330417685],[-59.45826000048448,-33.7231748531804],[-59.46076562103235,-33.72181910651551],[-59.46593395368138,-33.71724442673912],[-59.46707134532443,-33.715157648532774],[-59.46972106754568,-33.71162528449134],[-59.47305237219601,-33.7046059974714],[-59.47558086673901,-33.69690839290261],[-59.475790279239,-33.694797357800674],[-59.475254131043734,-33.68930940006192],[-59.47561544834975,-33.685110850083376],[-59.47689167745272,-33.68455707624684],[-59.477399557526326,-33.683751486369644],[-59.47915814390117,-33.67481054340656],[-59.481481464718456,-33.670811455455876],[-59.48131295491733,-33.66996079401695],[-59.4804843158259,-33.66978241417848],[-59.478950383998765,-33.67229192228243],[-59.478299082873434,-33.672916960372206],[-59.47770473222393,-33.67298262553334],[-59.477476849075124,-33.67252915919559],[-59.47839292590345,-33.66959026302819],[-59.480511218445244,-33.665112963017414],[-59.481417387131046,-33.66386397466625],[-59.48275151567417,-33.663025471586025],[-59.48348066889278,-33.66178895465387],[-59.48379407282258,-33.66015496380027],[-59.4837170756918,-33.65587865144881],[-59.48440116684457,-33.65392019210579],[-59.48707211072512,-33.65153909576911],[-59.49260657258902,-33.649609827214995],[-59.495573145322396,-33.65003191775066],[-59.506113289246684,-33.65275471800547],[-59.52214770008512,-33.65892324543247],[-59.53165064580898,-33.66333732352687],[-59.54391097934612,-33.667110644227016],[-59.551890982525464,-33.6692897130543],[-59.559705902071826,-33.66928406805708],[-59.56489792647124,-33.67106871112776],[-59.5663356742957,-33.671826277453675],[-59.567268178398294,-33.67290192223508],[-59.57018738921887,-33.67425014894502],[-59.57198802261132,-33.675524515285666],[-59.57244226271873,-33.67670636657189],[-59.573912319421076,-33.67800334362414],[-59.5749525016651,-33.679597304008055],[-59.58630476756683,-33.690929548734395],[-59.591831648769215,-33.694470559868996],[-59.59962120340223,-33.69760728570072],[-59.606413855667356,-33.6995515850593],[-59.61054537738959,-33.69996908639527],[-59.615078465972225,-33.69909675040465],[-59.620957561376386,-33.69697335210284],[-59.62265454807772,-33.69603956472793],[-59.62504574867437,-33.69389604907059],[-59.62663222726683,-33.69441673371728],[-59.62861540810136,-33.696377296322666],[-59.630640620855374,-33.69579475187486],[-59.63154043157556,-33.69398782137081],[-59.63112126739682,-33.692314153277785],[-59.63131983041323,-33.69151474818599],[-59.63449881933575,-33.690555798986104],[-59.6370630776423,-33.68850350498419],[-59.63782868269652,-33.68685171702468],[-59.6403719990082,-33.68728891843211],[-59.64138829408586,-33.68687916716824],[-59.64157254464158,-33.68624420091659],[-59.64134234981858,-33.68539718780656],[-59.64203262419761,-33.68508189378984],[-59.64237928099793,-33.684238383600814],[-59.64330519990297,-33.68390405748812],[-59.64359992960628,-33.682897392227495],[-59.6459225491887,-33.681180862282204],[-59.649005843626036,-33.680408539296224],[-59.64994218277372,-33.679514424045436],[-59.65039335923063,-33.678311556666294],[-59.651543400458614,-33.67848912765614],[-59.65194889728652,-33.677356646837005],[-59.65175037295457,-33.67621197965819],[-59.652529986363774,-33.67512893210925],[-59.654173547247474,-33.675977512996546],[-59.65476653021797,-33.675792518538415],[-59.655020707242336,-33.67509013891648],[-59.65376930952149,-33.67304620403232],[-59.65379138187217,-33.67181798612022],[-59.654957046333635,-33.671870400478056],[-59.655899241216574,-33.67303516635117],[-59.656730890813165,-33.67342816309646],[-59.65765951169563,-33.67335630906718],[-59.65826565488237,-33.6727269555966],[-59.658225827519566,-33.67159534352214],[-59.65987121000773,-33.67054592112042],[-59.660153939284605,-33.66928496922373],[-59.66213819163876,-33.66922885269648],[-59.664921092326665,-33.669968964031575],[-59.6653632231497,-33.66903784435363],[-59.66664845055739,-33.668322528792324],[-59.66693761172716,-33.66781482093946],[-59.66950666223908,-33.666673280999674],[-59.671363175114486,-33.664333393556525],[-59.671740262141064,-33.663218775518224],[-59.67171615873363,-33.65972355023002],[-59.67212536164325,-33.657202190530725],[-59.67131491351389,-33.655333958468894],[-59.668255830139785,-33.65201902498703],[-59.66472350813016,-33.650154751511934],[-59.66334453030108,-33.649857628763854],[-59.661715983880015,-33.65020683638143],[-59.66057599768074,-33.64994589140302],[-59.6598055815524,-33.65013523502918],[-59.65942796759148,-33.64972012969669],[-59.660207470721375,-33.648527753409276],[-59.660555034212315,-33.647112565716135],[-59.663183024367584,-33.64472214276631],[-59.664278067638165,-33.64294256947292],[-59.66424354471478,-33.64209867440738],[-59.66370326933673,-33.64128387786299],[-59.66166374026173,-33.6402495921833],[-59.661829383092545,-33.63780114429579],[-59.664646130839316,-33.636975825826816],[-59.66633389421221,-33.635454425160916],[-59.6669455934189,-33.634278508232576],[-59.66842440417087,-33.634212700437566],[-59.67284017566036,-33.630916829167916],[-59.67637250161633,-33.63022645348004],[-59.68437538746001,-33.631441570978005],[-59.694336307307985,-33.63143666765174],[-59.70211869384745,-33.63252754498814],[-59.70954955180904,-33.6329530875093],[-59.71669700602636,-33.63047032795166],[-59.732243128285255,-33.62677358587306],[-59.74230864075686,-33.62593049269091],[-59.75619594186386,-33.625786869924234],[-59.759126515384175,-33.623875622055756],[-59.763035301676,-33.62325240775226],[-59.76624712456191,-33.62055851631454],[-59.76890595164495,-33.62035003123618],[-59.77074649419536,-33.619096648254164],[-59.77147167436734,-33.61809220115911],[-59.77385039420302,-33.617636269609044],[-59.77449314921767,-33.616787561850344],[-59.77821098354251,-33.61437039909784],[-59.77970044132254,-33.612892000033526],[-59.78182418885469,-33.61214062740105],[-59.7850796068909,-33.60980562772675],[-59.788475002336696,-33.60801163312741],[-59.79142991776328,-33.60576840446194],[-59.79347479535785,-33.605050706942514],[-59.80063037174428,-33.603922766816844],[-59.80205810690193,-33.60326324181415],[-59.8030236392366,-33.6022293391169],[-59.80365302874111,-33.600000744515754],[-59.80806980196601,-33.59827083286772],[-59.8096582631674,-33.596898330366535],[-59.811178443405446,-33.594805691720126],[-59.8134556180166,-33.594203316306846],[-59.81530370319313,-33.59263704324108],[-59.81572137959044,-33.59163603897522],[-59.817300325960005,-33.59093443595436],[-59.81758051358266,-33.588595564831174],[-59.81810183369555,-33.587689226414994],[-59.817986783650284,-33.58603990975161],[-59.81894423826879,-33.58509728353984],[-59.81934911504336,-33.58390970192048],[-59.82238773608861,-33.58517108162678],[-59.82243045087504,-33.58562002814212],[-59.82125138288543,-33.586965032300846],[-59.82112270721487,-33.587613288158856],[-59.822101635296676,-33.58819826163871],[-59.822604030272046,-33.58896425556058],[-59.823722192726734,-33.58884002424142],[-59.82530487143983,-33.58798748126108],[-59.82583660002369,-33.586357824918515],[-59.82678405825843,-33.585656415816665],[-59.82969243982978,-33.5849349368439],[-59.830807750109564,-33.5831712167845],[-59.83187232821265,-33.582586761229955],[-59.834659540212584,-33.5796784733357],[-59.842553017524395,-33.575255098017855],[-59.846035666273785,-33.5719016527734],[-59.84979747611218,-33.566848238307166],[-59.85006311130234,-33.565259415697845],[-59.84966680028157,-33.56384110456596],[-59.84903738594857,-33.56309022372178],[-59.84802026743579,-33.56312404011217],[-59.84580898582162,-33.564447751902826],[-59.83999068406403,-33.570495415107665],[-59.839553959614996,-33.570485586280114],[-59.83924995174704,-33.56980062631264],[-59.838819332523464,-33.5696771815915],[-59.837952439652575,-33.5707757172461],[-59.83629391491455,-33.57156110521666],[-59.835603339523644,-33.572922945423855],[-59.83524649887398,-33.57583266895596],[-59.8321231207895,-33.577273058016274],[-59.82992911918333,-33.57924419051981],[-59.82768576886275,-33.57830499028396],[-59.825443838153724,-33.57868553907311],[-59.824217584646675,-33.57821427922173],[-59.82404807132585,-33.57759320584075],[-59.82433808370283,-33.57583844240766],[-59.82408563820052,-33.575074417878064],[-59.822887725914846,-33.574297679951826],[-59.82071609520687,-33.574086603655665],[-59.8201177414296,-33.57241774487838],[-59.81789946731072,-33.57134515117716],[-59.8178785235426,-33.56843001864706],[-59.81634801067036,-33.56549103738996],[-59.815888074017735,-33.56330700794877],[-59.81540700049409,-33.56294272023515],[-59.81420969878979,-33.56321954778037],[-59.81383916526439,-33.56296222580716],[-59.813779513824116,-33.55849636681332],[-59.81353731549993,-33.557929583533756],[-59.81265998411106,-33.557284196838665],[-59.81387637254011,-33.55344942257231],[-59.81745236508432,-33.54896319354448],[-59.81727439014098,-33.54764865242331],[-59.81904008662614,-33.54578219906111],[-59.82070423092277,-33.54339759833185],[-59.82176439194029,-33.54251266884379],[-59.82358964412264,-33.539735881100775],[-59.82570608493236,-33.53790450354588],[-59.82873650136812,-33.53589297822489],[-59.834030882296624,-33.53310344134079],[-59.85330780366127,-33.52516732477164],[-59.86577844617393,-33.52307110770534],[-59.874232166200706,-33.52209350629499],[-59.87948601839987,-33.520892287655755],[-59.88037494287943,-33.52060436301422],[-59.880899265275396,-33.519998298843056],[-59.88311724272604,-33.51923983983399],[-59.89579689948719,-33.51556162531571],[-59.90160651997599,-33.51422059429528],[-59.90941430617043,-33.51162714896799],[-59.91639806245272,-33.51002782222574],[-59.92468092226108,-33.508808908080404],[-59.93689743964254,-33.50640583659879],[-59.939819953158896,-33.50625626759613],[-59.943427588369055,-33.50521478832811],[-59.94800890464091,-33.50451651745333],[-59.961444214455234,-33.49966654513661],[-59.96596364439229,-33.49958375652414],[-59.96809522920243,-33.49917548],[-59.97323518935575,-33.49980990023571],[-59.973819053844096,-33.49900098121352],[-59.97288872240758,-33.498336197922896],[-59.97293055001173,-33.49780282708645],[-59.97462837573663,-33.49738500285417],[-59.97879495393552,-33.49555629923035],[-59.98258439416605,-33.492928059684715],[-59.984794701219016,-33.490880084205926],[-59.98588244192651,-33.489285032633255],[-59.98707459310387,-33.48848971570585],[-59.992691706031664,-33.4819645593933],[-59.9958237701566,-33.4790246056712],[-59.99701076637678,-33.47831967543666],[-59.99736141394595,-33.477719027689595],[-59.99742314150357,-33.47649847352122],[-59.99876780987506,-33.47520867446755],[-60.000052015976415,-33.4755891531264],[-60.00170135051366,-33.474686407847265],[-60.003881612537334,-33.472124407091464],[-60.01095417751428,-33.46908123276806],[-60.01217375704737,-33.4680293831487],[-60.01384151810148,-33.46753280555034],[-60.015833295764466,-33.465839617512415],[-60.018385840016286,-33.46451012074162],[-60.01878344468118,-33.463753656719014],[-60.02066926293135,-33.46302542045097],[-60.02288520801957,-33.46106278092661],[-60.03466607191661,-33.45602147924542],[-60.04386329878259,-33.45168054077548],[-60.0495897864712,-33.449593707307784],[-60.0511939984361,-33.44962698144019],[-60.05169354864445,-33.449062744061706],[-60.05162655948445,-33.44799566649957],[-60.055439371154044,-33.445272966284506],[-60.0602332890677,-33.44524830231379],[-60.06142470667598,-33.44283171094587],[-60.05963882385356,-33.44137762836437],[-60.05955904001094,-33.44096439196461],[-60.06082675840433,-33.43938212157734],[-60.06179647331854,-33.43976860376085],[-60.06269595322776,-33.43943260583721]],[[-56.15992028717871,-34.93256294190203],[-56.16033874334429,-34.93305259655524],[-56.16131446298031,-34.93323081108039],[-56.16155378039764,-34.93355393029462],[-56.160285276229395,-34.93533410981312],[-56.159367401262095,-34.93444589143955],[-56.15892877741721,-34.93338835716116],[-56.15931470701848,-34.93244914879855],[-56.15992028717871,-34.93256294190203]],[[-57.33667705462989,-36.0420453146158],[-57.33629518612996,-36.04242516411601],[-57.33512060275027,-36.04209711261979],[-57.335166036600384,-36.04154026583768],[-57.33572369557707,-36.040862945921035],[-57.33525166895753,-36.039801308183364],[-57.335679455549354,-36.03913758985085],[-57.336135661724306,-36.03929554690934],[-57.336900825260265,-36.040824375828834],[-57.33667705462989,-36.0420453146158]],[[-57.33898000397531,-36.033410756983535],[-57.33959575770863,-36.03361760500096],[-57.339596870831535,-36.03527734799726],[-57.33903991600623,-36.03571688389067],[-57.3374705614325,-36.03553416039503],[-57.33720958259619,-36.03484807100519],[-57.33743812953046,-36.034111680123736],[-57.33898000397531,-36.033410756983535]],[[-57.34032172559784,-36.03269939687152],[-57.34015340265466,-36.03309922637854],[-57.339380342313994,-36.0333097457786],[-57.338597128738186,-36.032029993854316],[-57.33887879964022,-36.0316924269913],[-57.33990778632781,-36.03147848666305],[-57.34032172559784,-36.03269939687152]],[[-57.67558178586981,-34.93603405869623],[-57.67502235490399,-34.93612487631288],[-57.674929383253755,-34.93556942279591],[-57.67548399312168,-34.93547154348705],[-57.67558178586981,-34.93603405869623]],[[-57.92618843713269,-34.8330604430863],[-57.924647268344195,-34.83595910436386],[-57.923749719255845,-34.83619839751088],[-57.92269048398474,-34.83568088702991],[-57.92194673662646,-34.8357723619716],[-57.92012116701854,-34.837208892467494],[-57.909735878137305,-34.84245815008634],[-57.90638147544151,-34.84352610257839],[-57.90476102321697,-34.842911938417465],[-57.904207619650634,-34.84384866906928],[-57.901788046242906,-34.84413805536621],[-57.89937456921246,-34.84205937930213],[-57.898757676530884,-34.84202516762477],[-57.89804796888177,-34.84246769572066],[-57.8975905594787,-34.84349565584333],[-57.89799893682769,-34.84463883537762],[-57.89782324752997,-34.845014179921144],[-57.89386557625921,-34.84632794430952],[-57.891781445866506,-34.847612283754316],[-57.889985368400716,-34.847581428891964],[-57.8868999635416,-34.84518815392431],[-57.881636439582394,-34.835040291149674],[-57.881070784892344,-34.8331713296707],[-57.8798993191419,-34.831385065797505],[-57.88041052330119,-34.83028221939641],[-57.88123696921048,-34.82966294485219],[-57.88403194464904,-34.829342342375575],[-57.884680572601226,-34.828976774672135],[-57.896275600830755,-34.828497292241444],[-57.902500094203866,-34.8290731484821],[-57.91690599699376,-34.83131138056806],[-57.918876006759085,-34.83136904705975],[-57.92050619444351,-34.83184971314361],[-57.92233871273435,-34.83190576707279],[-57.92579339312175,-34.832628309499626],[-57.92618843713269,-34.8330604430863]],[[-57.920236901921754,-34.84092168900005],[-57.91998120997681,-34.841812169218265],[-57.919253406003996,-34.841745207122116],[-57.919117018265446,-34.840609962704235],[-57.91992736961374,-34.84040589021017],[-57.920236901921754,-34.84092168900005]],[[-58.23319469077202,-34.70230902346702],[-58.2333856045474,-34.702899827506464],[-58.232427773321795,-34.70356066639847],[-58.23137079829648,-34.70219591409991],[-58.23164484839238,-34.70184062212043],[-58.232498376305436,-34.70176466885247],[-58.23319469077202,-34.70230902346702]],[[-58.26549182077741,-34.16585600072783],[-58.26585942560237,-34.16638365826968],[-58.26459947978941,-34.168590322341295],[-58.261609229878815,-34.17186285642103],[-58.26101529918828,-34.173530664934965],[-58.257941512224555,-34.17857088446871],[-58.25784350891818,-34.18275566618661],[-58.255912894484396,-34.18939307079415],[-58.2548152747848,-34.190087486837314],[-58.2522028857877,-34.19091939440125],[-58.24575603170716,-34.189333199873985],[-58.244493515166,-34.18817304189877],[-58.2434143009538,-34.18648657362886],[-58.24471700532254,-34.18210455734526],[-58.244097271122136,-34.18132943376409],[-58.244088035538915,-34.17755577901939],[-58.24374631207647,-34.176183428402986],[-58.24411557808949,-34.17579564407754],[-58.247340101442425,-34.17578680065807],[-58.248430188724875,-34.17508932560939],[-58.247920224045124,-34.173926825681434],[-58.24644531252929,-34.17226374343557],[-58.24704084182019,-34.17010132164328],[-58.24835370740595,-34.16883186426112],[-58.252317040726936,-34.167705785323584],[-58.25593673602969,-34.167440167408294],[-58.260518746254995,-34.166065126690576],[-58.26549182077741,-34.16585600072783]],[[-58.25752049774901,-34.20816249189202],[-58.25844609304366,-34.20743474493834],[-58.25940046448684,-34.207944956724006],[-58.259700443516536,-34.20955741891758],[-58.25735699984878,-34.21263113028388],[-58.253543443958776,-34.216447335518986],[-58.25215550349642,-34.21625825331422],[-58.25095163483059,-34.21536066748525],[-58.2507222475125,-34.214374348148375],[-58.252298808429224,-34.20931847100155],[-58.253766773332956,-34.206114331056455],[-58.254327599419895,-34.20600924874138],[-58.25672364323392,-34.20809065839294],[-58.25752049774901,-34.20816249189202]],[[-58.26382656190459,-34.175435898653134],[-58.26413931634466,-34.175972377270604],[-58.26331976542574,-34.17689267495278],[-58.26132527225912,-34.17755132577461],[-58.26089238040216,-34.17736716433358],[-58.26238247432878,-34.17466675477372],[-58.26382656190459,-34.175435898653134]],[[-58.262335944175376,-34.23086750722211],[-58.26273286671982,-34.231121598945386],[-58.26269998750523,-34.23180216125144],[-58.26189030741529,-34.23502672471611],[-58.261421809796595,-34.23527417117673],[-58.26104642969075,-34.2344862474494],[-58.261586311770486,-34.232845704017464],[-58.261457284460114,-34.23179224584168],[-58.26182024676897,-34.231016899011884],[-58.262335944175376,-34.23086750722211]],[[-58.2710169176037,-34.22735542964309],[-58.267701976574436,-34.23249670568812],[-58.26669962703502,-34.23339378028243],[-58.26577737632382,-34.23536918364523],[-58.26496482529057,-34.235968989209276],[-58.26456424224878,-34.23590582867492],[-58.26412965513279,-34.23458500322616],[-58.264180600363055,-34.23061629146233],[-58.2635570866382,-34.22985774785477],[-58.26534886886162,-34.22718254474117],[-58.26856195566061,-34.22598733624803],[-58.268941513171974,-34.22526848809692],[-58.26944986033458,-34.22523639653832],[-58.27071049164177,-34.22607841623681],[-58.2710169176037,-34.22735542964309]],[[-58.32354639209685,-34.211530262302375],[-58.31984478865276,-34.21301669681991],[-58.31832793141025,-34.21320400675392],[-58.317554133615246,-34.2127183836275],[-58.311625247192076,-34.214812896755916],[-58.30826544453641,-34.215489381355226],[-58.30649930277896,-34.216434743606094],[-58.303952318984386,-34.21635799950184],[-58.2975031647313,-34.21822970974168],[-58.295819151053195,-34.225349142327666],[-58.298480328475904,-34.22741973020789],[-58.29914560277739,-34.22918070970888],[-58.29866510374187,-34.22942742941399],[-58.29737200617974,-34.22876803687864],[-58.29248111380165,-34.23094910084317],[-58.2873447107015,-34.22917584069615],[-58.28598582698722,-34.22617115252051],[-58.285745216653396,-34.22260185727959],[-58.283851792332214,-34.218670789085564],[-58.283846690807096,-34.21396977120057],[-58.284271954269876,-34.209052244379905],[-58.28603468493729,-34.20541277323844],[-58.28935026998006,-34.20116482683485],[-58.295276276066936,-34.1980727613802],[-58.29741322099507,-34.19659200838355],[-58.2996897380678,-34.1960249507638],[-58.30043170005273,-34.194455109200895],[-58.306330751394576,-34.18928518897432],[-58.30926019844729,-34.18750475100668],[-58.31218138027108,-34.186704455492375],[-58.31424716153465,-34.1872819482251],[-58.31799696461744,-34.18925887902986],[-58.32113320592345,-34.19175874258232],[-58.32562319718355,-34.19763969331563],[-58.32935541391722,-34.20595655085085],[-58.32675437616651,-34.20926385180414],[-58.32354639209685,-34.211530262302375]],[[-58.29762797893231,-34.232174090072036],[-58.29782763048753,-34.23266111797058],[-58.297019439331116,-34.234224528365885],[-58.29640147889362,-34.234297467892105],[-58.29455911509126,-34.233482070249806],[-58.29451633081163,-34.23268162129271],[-58.29572979273148,-34.23174372862572],[-58.29674811426245,-34.23167118326726],[-58.29762797893231,-34.232174090072036]],[[-58.329850671464186,-34.210654843510945],[-58.32979897655952,-34.21212138801552],[-58.32896719758453,-34.212945300877415],[-58.322900198237946,-34.21677924638687],[-58.3200949866808,-34.22047846932736],[-58.31791146676046,-34.222734425103084],[-58.313925799428375,-34.2252391964219],[-58.31128366678526,-34.22630391977519],[-58.31008727564067,-34.226182476018906],[-58.310647101692254,-34.222265771930765],[-58.310560765956374,-34.22092376653925],[-58.3099860079195,-34.21982707959398],[-58.30850613948461,-34.21931814642014],[-58.30777865999287,-34.21871966945476],[-58.307739987717554,-34.21795147970128],[-58.30953604201056,-34.21683497424325],[-58.31544460659556,-34.2153073056189],[-58.316901242388994,-34.21530664855814],[-58.31890404923826,-34.21594914718381],[-58.324042927518526,-34.213830777779144],[-58.3278114661346,-34.21186701592657],[-58.32930994110864,-34.21056277455846],[-58.329850671464186,-34.210654843510945]],[[-58.325499270061115,-34.23362409442823],[-58.32170239000175,-34.23430426954891],[-58.32053365642836,-34.23334799706296],[-58.319130660878834,-34.2312863764474],[-58.31713829254294,-34.22985419911825],[-58.3142911871198,-34.229546842982394],[-58.31203131102879,-34.23189985455421],[-58.31082432545899,-34.230673916529646],[-58.310304798567586,-34.22904518115603],[-58.3172299452114,-34.22589413512554],[-58.32084259105493,-34.22303024437901],[-58.3257650168335,-34.21736406140534],[-58.32974221107453,-34.214172127663915],[-58.33015206337295,-34.214135078187],[-58.33039706389067,-34.21446542314387],[-58.33039899,-34.217220992084364],[-58.329578954168355,-34.22188914987917],[-58.32950859965645,-34.231391288276235],[-58.32747297076673,-34.2327768377723],[-58.325499270061115,-34.23362409442823]],[[-58.334436388181736,-34.19471450996316],[-58.330661603356525,-34.194354767070145],[-58.32870294425863,-34.19359638905493],[-58.326099887760115,-34.19131732310255],[-58.32397317452682,-34.188307918119534],[-58.31763624317841,-34.18170039028414],[-58.31706069867748,-34.17938804296452],[-58.31724097385459,-34.178554634074764],[-58.318421627627046,-34.176992498159514],[-58.32023363283788,-34.176863479423],[-58.321127540457034,-34.17496025301865],[-58.32221509924834,-34.17430140687802],[-58.332283113123545,-34.17841156794276],[-58.332741235893096,-34.17882860200921],[-58.33285130596493,-34.17986317837739],[-58.33381388185059,-34.182176285470554],[-58.333516296721,-34.18250378657784],[-58.332311304341665,-34.18258536703456],[-58.33179432038646,-34.18365379710832],[-58.33212238141909,-34.18515543668331],[-58.33286989933888,-34.18593690984207],[-58.33324879182511,-34.18719791867415],[-58.33335697413271,-34.1903489292914],[-58.33522780625726,-34.19180130286288],[-58.335602895916566,-34.19262985627438],[-58.33537269732198,-34.1937292321427],[-58.334436388181736,-34.19471450996316]],[[-58.320750077312184,-34.237717599999996],[-58.321147536625304,-34.2381626121585],[-58.320688801135205,-34.23863071713152],[-58.31970129992227,-34.238327539563194],[-58.31985463355678,-34.23776754963628],[-58.320750077312184,-34.237717599999996]],[[-58.33289473485526,-34.17555426678538],[-58.33262793905475,-34.176715668351406],[-58.33216803463203,-34.17690266605799],[-58.322139422566565,-34.17285527571707],[-58.32227690150628,-34.16940597786006],[-58.323062158926454,-34.16652068931589],[-58.32443396460284,-34.16391936073012],[-58.325585249161605,-34.16367086567278],[-58.327327391714825,-34.16436044715207],[-58.32904341834357,-34.16587877210228],[-58.329845075709514,-34.16709656558155],[-58.33117597494775,-34.171317888008],[-58.33257266031166,-34.17385132639632],[-58.33289473485526,-34.17555426678538]],[[-58.32369653932939,-34.23710783956619],[-58.32396821374426,-34.237414270592886],[-58.32382800458295,-34.23779904111267],[-58.32289808529349,-34.23775581739094],[-58.322973882289176,-34.23719002656871],[-58.32369653932939,-34.23710783956619]],[[-58.325638016505096,-34.24901342876079],[-58.325487288263496,-34.2475083377422],[-58.324984844645726,-34.246298113217875],[-58.32407972401131,-34.245858218504225],[-58.32403765378902,-34.24499323360306],[-58.324899480433906,-34.24383674972474],[-58.32648929675739,-34.24273509601818],[-58.329726609901684,-34.242183780890855],[-58.330185339012736,-34.24311623527317],[-58.33025920631357,-34.24663356204991],[-58.32889372568813,-34.248284448998604],[-58.327321284116756,-34.249053480617235],[-58.325638016505096,-34.24901342876079]],[[-58.32649194120461,-34.23543500832624],[-58.32982809990284,-34.23380210838434],[-58.330073461512484,-34.23419004009241],[-58.329959164401814,-34.236137841337964],[-58.32904668823123,-34.23831718919207],[-58.32807605197743,-34.238045215014246],[-58.32653779743263,-34.236686703681],[-58.32530923878545,-34.236062875174625],[-58.32547463647292,-34.235522895478425],[-58.32649194120461,-34.23543500832624]],[[-58.33526761172857,-34.16587778257493],[-58.3346169934344,-34.16593276776256],[-58.33442330319817,-34.164232463498855],[-58.3337774208652,-34.163321368493065],[-58.33329577532504,-34.163310487815394],[-58.332932286278634,-34.164156896706864],[-58.33294729950032,-34.167561543138625],[-58.33469076160806,-34.16860597129802],[-58.33516413959196,-34.169511262813465],[-58.33490137147512,-34.16988299700372],[-58.33391376528434,-34.17002209399941],[-58.33369628054958,-34.17088849322249],[-58.33321818936206,-34.17105804555586],[-58.331995905209084,-34.16907406085427],[-58.331497359305274,-34.16641013705929],[-58.33061197825826,-34.16515956614834],[-58.3282643022174,-34.16294028873519],[-58.32899500580567,-34.159046917085426],[-58.33209913302556,-34.154239754472414],[-58.33633898080899,-34.152986991477405],[-58.338130499319035,-34.151275380694145],[-58.34103329643497,-34.150978993596766],[-58.34165440549058,-34.15148903293916],[-58.34170163356224,-34.15212015856374],[-58.34063079085907,-34.15414161185044],[-58.33939076288381,-34.15597440980063],[-58.33774759566868,-34.157848428019975],[-58.33690396574232,-34.1583573118557],[-58.33593674501901,-34.15981181621958],[-58.336310139895275,-34.1611312617275],[-58.33526761172857,-34.16587778257493]],[[-58.33090567045433,-34.14840364702231],[-58.331753545646144,-34.14754218445667],[-58.33204859073159,-34.14778708197827],[-58.33204440806275,-34.149431552224236],[-58.331280274011974,-34.1503248162215],[-58.33089750579133,-34.14998494329973],[-58.33090567045433,-34.14840364702231]],[[-58.33566078095045,-34.23458329030631],[-58.33589868735893,-34.229397465075905],[-58.335152565454564,-34.227855938486655],[-58.334062736078984,-34.226883470934226],[-58.33314357533664,-34.22525026492868],[-58.33276144572818,-34.22160229448592],[-58.334865429127085,-34.21933799853231],[-58.33572827380495,-34.21659841745471],[-58.33735981216859,-34.214735801477524],[-58.33871207847751,-34.21468039408751],[-58.34560567446092,-34.21791283349737],[-58.348122282938995,-34.21974823571441],[-58.34852365947743,-34.22060773043535],[-58.34847187175629,-34.221538158602144],[-58.34735157460849,-34.22383881603471],[-58.34505133676955,-34.22585976833948],[-58.341867247523,-34.2303005646904],[-58.34137151036257,-34.23209166644944],[-58.33955538008541,-34.23432244812464],[-58.33874622491464,-34.23594333825184],[-58.33782057299635,-34.23681291887301],[-58.33721527699508,-34.236809381716235],[-58.33619641186184,-34.2358887509737],[-58.33566078095045,-34.23458329030631]],[[-58.340223392168035,-34.148939424033216],[-58.33986412792087,-34.14948417645278],[-58.33764394523573,-34.14906052541719],[-58.3362270263037,-34.148490343114496],[-58.33518278427816,-34.14747478225363],[-58.33468373376131,-34.145913414132586],[-58.334773393810686,-34.1444303596696],[-58.336320140194616,-34.14142588316488],[-58.336409659987915,-34.14009952682882],[-58.33687396480643,-34.13941841833778],[-58.33731351409043,-34.13952214531607],[-58.33793377084315,-34.14066328728637],[-58.33826366943549,-34.14621410381501],[-58.339163422151096,-34.147948128908126],[-58.340223392168035,-34.148939424033216]],[[-58.342857919667516,-34.62093636525977],[-58.342552808767856,-34.621863251838555],[-58.341265721428215,-34.62230110227698],[-58.33769075444436,-34.622403308889915],[-58.33730285944635,-34.622063203200355],[-58.33796595217943,-34.619933294986104],[-58.338353525280716,-34.61924983035499],[-58.33893508765634,-34.618989069129405],[-58.34342813900159,-34.619021918835045],[-58.3439001574084,-34.62039433598289],[-58.342857919667516,-34.62093636525977]],[[-59.34285146654833,-33.81884597886308],[-59.34279407739627,-33.81924723977294],[-59.34034598612939,-33.8220201905171],[-59.33779869780377,-33.82347026455207],[-59.32862013296177,-33.82698039725783],[-59.32134321676846,-33.828168283326356],[-59.31987063540828,-33.82888831681848],[-59.31934605225999,-33.8288327536695],[-59.31913678066108,-33.828048201471915],[-59.31857229927974,-33.827862715610294],[-59.3117173704857,-33.82819348993928],[-59.30609340791774,-33.82785097776524],[-59.29756538384826,-33.828062886371356],[-59.29595979174372,-33.82844010414774],[-59.294158650285794,-33.82797916163244],[-59.29173560445696,-33.82901246874793],[-59.29141958698878,-33.829598203602316],[-59.28958033004881,-33.83087979536559],[-59.28878731509641,-33.83206191310191],[-59.2885173966893,-33.83362353191993],[-59.28902780482101,-33.83582807573097],[-59.29233173640687,-33.84209380100845],[-59.297441459150804,-33.84658776974355],[-59.299475618476286,-33.8489615493172],[-59.300220934620064,-33.850633896247906],[-59.2995247683092,-33.852039552568954],[-59.29587611786723,-33.85599424486869],[-59.2925780633574,-33.85889022482932],[-59.29085991818362,-33.85969779284586],[-59.289382821173916,-33.86153015771172],[-59.27982183637033,-33.86364231449078],[-59.269424118314035,-33.869684525388365],[-59.26300718921951,-33.87583903661325],[-59.259767363453776,-33.8796092623647],[-59.25893164177353,-33.87998648421412],[-59.25839597873275,-33.883505613902464],[-59.25387627942641,-33.88805097420511],[-59.251703066903524,-33.88905483132254],[-59.24617631925245,-33.889811598447544],[-59.243199686640956,-33.89077349569105],[-59.2407769514733,-33.8921633103733],[-59.23681489698356,-33.895330411193235],[-59.2361692824381,-33.896698567806084],[-59.23397462038813,-33.90437582270146],[-59.232461650201095,-33.90642624806772],[-59.228217611846134,-33.910737594537366],[-59.22669409832994,-33.91299288469131],[-59.22572286229296,-33.91513046313879],[-59.22508824796575,-33.91804863296644],[-59.224919244144644,-33.920568214370235],[-59.22523835862697,-33.92352943290537],[-59.226021468763385,-33.925621701323486],[-59.22601341811793,-33.926556835417855],[-59.227630858856614,-33.928521063864444],[-59.23115871699865,-33.93026781304923],[-59.23419573600754,-33.93120140925867],[-59.2427534947868,-33.93198710924107],[-59.24820961271987,-33.931907675990324],[-59.251205947902854,-33.93242075835754],[-59.25232045911615,-33.93304249250582],[-59.25530013183957,-33.93579108133183],[-59.25701828386264,-33.93659122530042],[-59.257435655275216,-33.93749694839113],[-59.256989575274915,-33.939397143409636],[-59.256493807947294,-33.94015755175602],[-59.25466566363767,-33.9422854793676],[-59.25305923161992,-33.943551682816],[-59.24744910155447,-33.946980169654736],[-59.24493288785451,-33.94737999079891],[-59.2437754619536,-33.94742764299115],[-59.243009446807356,-33.94686564024269],[-59.23241323891007,-33.948081407612335],[-59.22892567864702,-33.94903073399945],[-59.22622544775771,-33.94939472896526],[-59.21676875972891,-33.94934206009682],[-59.214568290311014,-33.94883117468783],[-59.21346593235441,-33.94888364508407],[-59.210769665064696,-33.95059093693454],[-59.20936883768602,-33.95195715658748],[-59.207192541907396,-33.95766474628975],[-59.205819412027765,-33.958692773777635],[-59.20427607308028,-33.95921130592459],[-59.199905959423916,-33.9591022806962],[-59.190780695201475,-33.9564655061092],[-59.185342498077155,-33.95615823],[-59.18211807752999,-33.95653708971505],[-59.17690428157204,-33.95902662907052],[-59.17612972024008,-33.95967314771376],[-59.175690738079815,-33.96078306796337],[-59.17442427084732,-33.968047357436],[-59.174335036884315,-33.97027654013057],[-59.173076461226046,-33.971992884871476],[-59.1707613006348,-33.973020920400806],[-59.16538973773775,-33.9729202737632],[-59.16163338110724,-33.97416743546444],[-59.156751222664774,-33.97747943317224],[-59.15225384286699,-33.98393728957504],[-59.14598156100182,-33.98622667732684],[-59.14102316527055,-33.98872317035316],[-59.13951669428372,-33.98917087736989],[-59.13809375298156,-33.99025079920954],[-59.137368788904205,-33.99307282457445],[-59.13769157588504,-33.99461989155525],[-59.13852974387912,-33.996375880254476],[-59.1401916691293,-33.99829069706879],[-59.14470614175395,-34.00037251397137],[-59.1457165456395,-34.001677567380035],[-59.14514790723346,-34.00273535835357],[-59.14118329472891,-34.00571056808291],[-59.13751329630593,-34.00701938737451],[-59.13209358819735,-34.00955475702592],[-59.12307970335581,-34.0160428567906],[-59.11026616906321,-34.02162409384366],[-59.10758467210372,-34.023149043740624],[-59.10654928879513,-34.02417307151624],[-59.105376082571475,-34.0241978578942],[-59.10492945216966,-34.025500559867915],[-59.099965591150706,-34.03146621920565],[-59.098750197826746,-34.03371662372945],[-59.09790717824157,-34.0366113150863],[-59.092132666315194,-34.0390659616487],[-59.08583926452207,-34.04024438076698],[-59.076006846911866,-34.04120223104053],[-59.067047168768724,-34.03912170662823],[-59.05959415139384,-34.037751382579955],[-59.05444602531656,-34.03720838427309],[-59.04776123972857,-34.03810132423177],[-59.04162101002222,-34.04138943984836],[-59.03790279978183,-34.045401651003296],[-59.03613918924031,-34.04994121491145],[-59.03525184065397,-34.054000954898385],[-59.03239785444024,-34.06109807169269],[-59.026220547669816,-34.06935328579177],[-59.02319558037851,-34.07254298257136],[-59.015871605069336,-34.07884391036605],[-59.013056749483034,-34.08178730652947],[-59.01041558334522,-34.086348303088336],[-59.00858096205116,-34.093844992236],[-59.00660302586268,-34.09767177940514],[-59.002501742978936,-34.10080503642413],[-58.99975849995379,-34.102195833064826],[-58.998933990589755,-34.10221148172149],[-58.9981164377692,-34.1029115777056],[-58.9947236738786,-34.103769992048754],[-58.98843220833433,-34.10477865188298],[-58.98681355640292,-34.1058592677105],[-58.983853444883266,-34.10676911373781],[-58.97840705537597,-34.10949143832715],[-58.973098748294646,-34.11352046628039],[-58.971786115010595,-34.11483666744089],[-58.97055827444542,-34.116687425242546],[-58.96930632742408,-34.119603750075484],[-58.969163041684375,-34.1208779817242],[-58.969318089148686,-34.124315565123304],[-58.969957792335755,-34.12565258632751],[-58.97002896508315,-34.127362739585635],[-58.97069843876505,-34.12957836344674],[-58.97202645089969,-34.13000779897859],[-58.97341173759981,-34.132198799052325],[-58.97523756604457,-34.13312368503467],[-58.97949251874308,-34.134433514854955],[-58.98129373822118,-34.13462282538052],[-58.982488122061035,-34.135310321055314],[-58.98308475647026,-34.13611947123303],[-58.98270585351633,-34.13733779322473],[-58.9819522044767,-34.13799115049771],[-58.97991936937213,-34.13890271794712],[-58.97822364755644,-34.14028560933958],[-58.97600141681028,-34.141202597542005],[-58.97506957657969,-34.14225111501541],[-58.97400654276536,-34.14260881070551],[-58.973855780362705,-34.14321863061447],[-58.972938818870446,-34.14422933388056],[-58.97003584798803,-34.14609286136068],[-58.96325147610574,-34.14911207886263],[-58.95947814950045,-34.150196237702495],[-58.95436155820684,-34.150671478184],[-58.95159669915762,-34.15025253513971],[-58.94522397370043,-34.14857835272143],[-58.93905751900657,-34.14625888554259],[-58.937444226895856,-34.146433715179],[-58.931249186807335,-34.14568496815547],[-58.926499863716835,-34.14693276609077],[-58.91779081631974,-34.1514056472447],[-58.916382052152045,-34.152767654206336],[-58.91484808581247,-34.15546328000206],[-58.90933537463713,-34.16293527312459],[-58.90888792844959,-34.1651975188106],[-58.907019891529764,-34.16842339826692],[-58.90626459536803,-34.170439445274745],[-58.905006708767345,-34.17191587390272],[-58.90444566236013,-34.17403324646303],[-58.90100865357422,-34.17994351781087],[-58.899739598144905,-34.181385635486365],[-58.897149176340044,-34.18178496987137],[-58.89351113074961,-34.179558297231445],[-58.888406464558294,-34.17785678856412],[-58.88428858855068,-34.17689734821321],[-58.87996683149452,-34.17636582609071],[-58.8783679053606,-34.175514366254866],[-58.87692824923945,-34.17529842653746],[-58.87586636334904,-34.175728700832735],[-58.8659341131108,-34.17454769107478],[-58.86477645598834,-34.175853214400306],[-58.85991497355066,-34.17680189381131],[-58.85586547201503,-34.178443567150055],[-58.853375230845955,-34.18037116918815],[-58.850889452823104,-34.181477798198216],[-58.848083157054454,-34.18572353273771],[-58.846809632870276,-34.187083073984184],[-58.8460124386777,-34.18916198609712],[-58.84269469347834,-34.192645308652544],[-58.83256867151295,-34.199471938187216],[-58.83020357661199,-34.200688328511326],[-58.82618627269304,-34.20395834480028],[-58.82208407545923,-34.20623352058689],[-58.81774855269643,-34.20991872203799],[-58.800597732774996,-34.22216547226998],[-58.79415356259606,-34.2262422952107],[-58.788866406039816,-34.22887037351068],[-58.773036083292496,-34.23414690265213],[-58.757401076635986,-34.237343825102684],[-58.748801176911186,-34.239805717915075],[-58.742892718967624,-34.24088479654515],[-58.72255397908279,-34.243677294400456],[-58.712932796399116,-34.245734746134644],[-58.71225338391151,-34.245340667850115],[-58.71144431019331,-34.24549248459277],[-58.71003539415855,-34.24637802198694],[-58.70476345446665,-34.24740537226374],[-58.70026169235939,-34.24897150671973],[-58.69790063911011,-34.248842839087736],[-58.695898880559774,-34.25048880655178],[-58.67061583687079,-34.25622156902363],[-58.65821432986075,-34.260252925975216],[-58.65174113454228,-34.26174312100077],[-58.649349182002496,-34.262851381882705],[-58.6480299755926,-34.26193391013232],[-58.64677989894952,-34.26211066302775],[-58.64648406775638,-34.26251633564438],[-58.6468282379517,-34.2633219791048],[-58.646503542909315,-34.26366085144214],[-58.64280188567227,-34.26384021270511],[-58.6379585194547,-34.26490031467723],[-58.636256160260864,-34.26491351226128],[-58.634858451152404,-34.26557488259131],[-58.624078048371594,-34.26698087848223],[-58.60936223630853,-34.26954850494996],[-58.58954672925033,-34.27620053116066],[-58.58815397370252,-34.27566628091748],[-58.58598913389552,-34.2762987693237],[-58.57526527291687,-34.28034356260878],[-58.5587138170055,-34.28728201886423],[-58.55200677467993,-34.291868620934345],[-58.54675574805447,-34.29451605237976],[-58.54235909545845,-34.294482022724004],[-58.53508590195333,-34.293724526584576],[-58.523813232095875,-34.29344294854109],[-58.51731837132594,-34.29458285951361],[-58.511954892992144,-34.29435991157662],[-58.50657531127565,-34.292286272044834],[-58.50134513991901,-34.28502844658707],[-58.49667995452009,-34.28107620974337],[-58.491919429572384,-34.277929032031466],[-58.49209139381513,-34.277425901178326],[-58.49897266757354,-34.274076862284495],[-58.49955293110955,-34.27336938676824],[-58.50401896612304,-34.27323009304674],[-58.506850093337135,-34.27158624853321],[-58.50983843890449,-34.271542334284625],[-58.50919359166583,-34.27009020194465],[-58.506786171447,-34.26969446427593],[-58.50587742024443,-34.269032529908685],[-58.50434954539883,-34.26856455591097],[-58.50086680608493,-34.26822437313986],[-58.50067311153423,-34.26783363488497],[-58.50105139681648,-34.266032091539735],[-58.50080903091053,-34.265658600439586],[-58.4992357118894,-34.26553835981302],[-58.49826817572942,-34.26729990623522],[-58.49595620068202,-34.268034357139896],[-58.4937212088203,-34.269499228442974],[-58.49172950674494,-34.26908447],[-58.48773861495401,-34.269545369298015],[-58.48635529300177,-34.26801842513765],[-58.479859986870785,-34.27078494057058],[-58.47550756208067,-34.273032597516895],[-58.46977760968429,-34.27405332820946],[-58.465136863591205,-34.27402687780345],[-58.46302770213477,-34.27344604992158],[-58.45560582082389,-34.27031832825278],[-58.454044520419046,-34.26782776755851],[-58.45422141,-34.26486817900234],[-58.4538977070664,-34.26367699380923],[-58.452870349628796,-34.262104327315775],[-58.451027922929896,-34.26086411607756],[-58.45041086031469,-34.257111065200085],[-58.44914702145137,-34.25419791573347],[-58.44757456531924,-34.252137531096466],[-58.44581518467101,-34.2506624190959],[-58.44686474540793,-34.24962883587242],[-58.45002145054005,-34.24870361261745],[-58.45096134811611,-34.248114100000784],[-58.45247067472528,-34.24614593626809],[-58.45439835474559,-34.244992076022086],[-58.4544968622672,-34.24455946547285],[-58.454118411965304,-34.24405695959444],[-58.452314165176595,-34.24475174131442],[-58.44937562097315,-34.24743993888356],[-58.44657572596136,-34.24826580063455],[-58.44515137948207,-34.249068887530136],[-58.444634868319994,-34.24974989132334],[-58.4448408315656,-34.251382410252326],[-58.447412933865294,-34.2540871983795],[-58.44862942723317,-34.25651914431584],[-58.45008242290493,-34.26176893247483],[-58.45202373984726,-34.2639193527489],[-58.45178247693938,-34.26542584068364],[-58.45114179904486,-34.26608007001516],[-58.44988993427594,-34.26569534219704],[-58.44708523943979,-34.266073070551805],[-58.44527043567208,-34.26570267064684],[-58.44410737909906,-34.266319058173956],[-58.441846688167935,-34.26625667375458],[-58.437972944049704,-34.26685395093225],[-58.437411620543145,-34.266570815688596],[-58.436706802895465,-34.26546588477035],[-58.43421891559987,-34.26543361981823],[-58.4332264661109,-34.26582891678307],[-58.43152160617621,-34.26590283355989],[-58.43002007776987,-34.265421860000004],[-58.4267070145174,-34.26561563],[-58.42383386034729,-34.265160142558116],[-58.42056819475463,-34.26554005025616],[-58.41877233556807,-34.2653353640973],[-58.41414711882537,-34.26296412274566],[-58.412037343412074,-34.260717676369254],[-58.41008662076706,-34.25766645900917],[-58.40646881947844,-34.25471207879182],[-58.40569794243089,-34.254534350327326],[-58.405281399870624,-34.254704816537256],[-58.40496621394116,-34.2556944288956],[-58.40413707110511,-34.255442655545075],[-58.403299430314775,-34.255616989330306],[-58.40303705048819,-34.25717929807699],[-58.40227204770307,-34.258240936407425],[-58.401805199809054,-34.25830432509659],[-58.39743967610362,-34.254037252851965],[-58.39717820668495,-34.25279970005514],[-58.39753339803281,-34.251430471568405],[-58.397370317715556,-34.25065264801048],[-58.39680241415856,-34.250307096478686],[-58.39556594533758,-34.250251087913306],[-58.39492512870672,-34.24907434886743],[-58.39362810645065,-34.248377767546394],[-58.3936447503829,-34.2470438717942],[-58.39147138020379,-34.24600674033034],[-58.389670580401024,-34.24455898358674],[-58.38886476470322,-34.24225627287176],[-58.39136525575236,-34.23769418691008],[-58.391502929633866,-34.23673826523795],[-58.39321096531398,-34.236490723840824],[-58.39470966042064,-34.23460893773387],[-58.4010270087095,-34.23112246249914],[-58.408690545118695,-34.23038337991051],[-58.40890231365973,-34.22993163421052],[-58.40814452238031,-34.22782850690811],[-58.405010454488895,-34.227738816352804],[-58.40318852470673,-34.22735130915864],[-58.40287995779721,-34.22641149337487],[-58.4023956078859,-34.225992027335586],[-58.40064302850533,-34.226412690132875],[-58.40030219180859,-34.22591385767021],[-58.40100067794981,-34.22504138265975],[-58.40095611928005,-34.22448001358632],[-58.398941242902985,-34.22360069018269],[-58.39757912356112,-34.223763928925095],[-58.39397294596094,-34.22271454287327],[-58.39089643077822,-34.22300420764647],[-58.3883062250841,-34.22139701831532],[-58.38789721167683,-34.221577015254795],[-58.387614312350166,-34.22255648177119],[-58.38460362604484,-34.22298667234823],[-58.38342231961286,-34.22364914104247],[-58.381309789559886,-34.22344941568179],[-58.381265607900495,-34.2229165896927],[-58.38359570425222,-34.220235090094135],[-58.384206861504154,-34.21440132390796],[-58.385406865731085,-34.21277854434352],[-58.389298309675546,-34.20999275929625],[-58.389436955656016,-34.20961192481753],[-58.388173214956616,-34.20843828345721],[-58.37648587137607,-34.212698491638136],[-58.37339831959995,-34.213174412313556],[-58.37207815404855,-34.212816774481816],[-58.371914756406596,-34.21241240111041],[-58.37228981973264,-34.21155895352485],[-58.37465041006418,-34.21118283634003],[-58.37549279464918,-34.21051266512603],[-58.37604085290046,-34.209439548841665],[-58.377635195773756,-34.20852306073519],[-58.37802661621051,-34.207203889182246],[-58.377894712298186,-34.20621854399299],[-58.37967110573978,-34.20501361699989],[-58.380143412369165,-34.2033255571117],[-58.37989263544188,-34.20213272997755],[-58.37881102799323,-34.20110083564554],[-58.37639802406482,-34.199764882391655],[-58.37380050762796,-34.20141866855769],[-58.36927259191535,-34.202190459567866],[-58.36877753743447,-34.202606153855896],[-58.36778655495255,-34.20469220925212],[-58.36681191610163,-34.20528241256084],[-58.36452675120109,-34.20531971173974],[-58.363610684272366,-34.20479250297176],[-58.362622627550714,-34.204960925864164],[-58.362253995761826,-34.20632946145884],[-58.36301138393734,-34.20786166517627],[-58.36257693406579,-34.208217743766625],[-58.361609319357164,-34.208114994229504],[-58.36075181428527,-34.20678664670702],[-58.36146891742035,-34.20246211910629],[-58.363819544585915,-34.199003573681075],[-58.36780543496568,-34.19664904919499],[-58.3700518348844,-34.195688807533436],[-58.370106216349456,-34.19521853790771],[-58.36901325967214,-34.19399038959224],[-58.36331770716111,-34.196917605338186],[-58.3606487995528,-34.199223977959754],[-58.35981711766593,-34.20045954049122],[-58.35972299701017,-34.202541964437074],[-58.35850074599391,-34.20616151198453],[-58.357089046943784,-34.206807466216716],[-58.356315707965834,-34.20674346696258],[-58.355517928871954,-34.205413786166204],[-58.35456664853183,-34.20467466660314],[-58.35442979500868,-34.203774621201234],[-58.35356283331836,-34.20308589776629],[-58.352746567217935,-34.1992031355749],[-58.353718183692614,-34.197569229954546],[-58.353688901077206,-34.19671448655848],[-58.35443011343085,-34.194334184526156],[-58.35569813075681,-34.19392272172917],[-58.35925439713975,-34.19543297894343],[-58.359756852701025,-34.195133719345584],[-58.35914607126477,-34.193780972893244],[-58.35640797302473,-34.19210758511478],[-58.356189096732884,-34.19109382268903],[-58.35652653438896,-34.18972599796943],[-58.36202545954476,-34.183751728005554],[-58.364585101535305,-34.179509406715226],[-58.36584285269478,-34.17863239820433],[-58.36678118971802,-34.17707931275627],[-58.372683207040275,-34.17125954845439],[-58.372918758815615,-34.17013579874767],[-58.37365654855846,-34.16932382997919],[-58.374133565766655,-34.1679002171019],[-58.37570169611936,-34.1661148980413],[-58.37636353790275,-34.16419424744207],[-58.37832528859605,-34.16205635851283],[-58.37841773030078,-34.15902143854991],[-58.378071847922484,-34.15865205785386],[-58.375337773583524,-34.161424898819426],[-58.37373049642204,-34.16158821544572],[-58.37357271595367,-34.160048177428074],[-58.373898732493934,-34.15787998743756],[-58.37246501062443,-34.15589797142872],[-58.369568388277095,-34.153507897150384],[-58.36923859346662,-34.15283027257658],[-58.36946735687114,-34.15112719329603],[-58.370408439872314,-34.14952053474576],[-58.37098202208741,-34.144968656540385],[-58.370322463994796,-34.143453016200766],[-58.36969917124287,-34.14312625688524],[-58.3684305007583,-34.14147107710309],[-58.36870658209275,-34.14041457427615],[-58.36867089945335,-34.136933038774124],[-58.36730750237297,-34.12761982726055],[-58.36690797827033,-34.127372182184544],[-58.364567138466725,-34.12781764199055],[-58.363465472178916,-34.12627806393567],[-58.360513783047246,-34.123469531722336],[-58.360695032453506,-34.122542050058975],[-58.36274537424871,-34.121041252525394],[-58.36338301381047,-34.117182860710564],[-58.36576360809329,-34.115236227022315],[-58.36694612344376,-34.1130256652531],[-58.369234237964186,-34.1126215785903],[-58.36942835044956,-34.11078593131048],[-58.36913925641222,-34.11037088354999],[-58.367593317075475,-34.11026148327214],[-58.36571261278434,-34.10719281560625],[-58.36594516017415,-34.10455978632281],[-58.36505171575541,-34.103191500771445],[-58.36236995192941,-34.090390989051045],[-58.36250462295497,-34.087841040193794],[-58.36297647868136,-34.086576612912914],[-58.36405383900781,-34.079284505203994],[-58.36336453389134,-34.06975902720476],[-58.364444320241155,-34.06656862323949],[-58.36618993,-34.06547304055112],[-58.366099878357026,-34.06448829625718],[-58.36413865602478,-34.06368313508463],[-58.36182210584111,-34.06031262395406],[-58.36241429416185,-34.05823460721895],[-58.36303130275065,-34.05753976223746],[-58.36248544774652,-34.05601002399626],[-58.36270728692121,-34.0546542320882],[-58.36324924057679,-34.05304738568156],[-58.36518158472104,-34.05057173370968],[-58.368656971194135,-34.04816860545849],[-58.37256475619385,-34.04641789807966],[-58.37796674588144,-34.04304135249349],[-58.379672261528825,-34.04184654630946],[-58.381943686945185,-34.03943820154222],[-58.3844209183024,-34.03671287647851],[-58.389550623761814,-34.029389663844064],[-58.392885866550294,-34.02550408203299],[-58.396482676273074,-34.01846424479985],[-58.40075361807491,-34.01523931360977],[-58.40546036500525,-34.01340845794468],[-58.41045900257435,-34.01233996079465],[-58.412587512262405,-34.01165372951089],[-58.41288935181151,-34.01129190110994],[-58.41248705061146,-34.01081749],[-58.4069247230373,-34.011203393016075],[-58.40656935827466,-34.01080461630162],[-58.4069026076705,-34.010370261920286],[-58.410257827260985,-34.009661131743414],[-58.41375746951119,-34.00951511182118],[-58.42183118512526,-34.007908013927086],[-58.44604372290721,-34.00428374631796],[-58.450242851009,-34.00390563601888],[-58.459376336274744,-34.00388669610569],[-58.46950912992496,-34.00470252560033],[-58.47761377031277,-34.005953502328964],[-58.483086766226265,-34.00772879913848],[-58.48788224599946,-34.00990986644068],[-58.48850944447353,-34.01053235651095],[-58.4907133412054,-34.010944544041706],[-58.49542114083818,-34.013140149485835],[-58.49994249061005,-34.01287303051455],[-58.50250071554825,-34.01350377657732],[-58.50872838589252,-34.01563037356198],[-58.51177266170061,-34.01731505228968],[-58.51887755638591,-34.019461936381454],[-58.520032678299415,-34.02006598171351],[-58.52861973114401,-34.0212995922108],[-58.533555949329255,-34.02168684905865],[-58.53786112761959,-34.022619098577536],[-58.540707308256074,-34.02362680403151],[-58.54409444105197,-34.02555550881738],[-58.54646164655207,-34.0259915175646],[-58.54836992044594,-34.02708050118122],[-58.54949351408032,-34.0271324142122],[-58.55357960222531,-34.028295024838656],[-58.56182555236982,-34.02860518170852],[-58.56848076203381,-34.02838655842983],[-58.574764122233375,-34.02746251563764],[-58.581703447104466,-34.02967290874994],[-58.58414220930187,-34.03106254134474],[-58.58619322981411,-34.033908008816596],[-58.587723752851964,-34.03533593603158],[-58.59515986542011,-34.03954041141873],[-58.59783235464705,-34.038999592106634],[-58.603616161523,-34.03877125065582],[-58.60809816593274,-34.03989266111166],[-58.61124425085339,-34.04164779942952],[-58.613202245480096,-34.04116380981614],[-58.6145145733263,-34.04037878767721],[-58.62582068253925,-34.04039819363553],[-58.62902187932334,-34.04141740958695],[-58.63041790876472,-34.04244914111246],[-58.63233182913659,-34.0427059472732],[-58.63412433282399,-34.04340666228475],[-58.64042880830099,-34.0436929284193],[-58.645886701468555,-34.04272900443213],[-58.65180108263984,-34.041073138578795],[-58.65676493838353,-34.039107494109764],[-58.65846601607643,-34.03887213134313],[-58.661527366806844,-34.03763355386866],[-58.66446201124273,-34.03581713313571],[-58.66767877965222,-34.034519595743845],[-58.67891285718969,-34.02837955709568],[-58.683348179412725,-34.02544150609965],[-58.687615859609764,-34.02162113522365],[-58.68850174268289,-34.02044250716833],[-58.6937804283558,-34.01637017307074],[-58.695188895464746,-34.01424130964271],[-58.69726031285727,-34.012623649716815],[-58.69971268210374,-34.00947911777504],[-58.70081597571231,-34.00873607921946],[-58.70104351906663,-34.00810560096739],[-58.705625109689464,-34.004613954833964],[-58.70871543220618,-34.00139426249878],[-58.709041703649056,-34.00009220699261],[-58.71491281662009,-33.994320267402685],[-58.71900578367608,-33.99108957276166],[-58.71928616073978,-33.98968928725842],[-58.72018696477371,-33.98822721158671],[-58.72838231306672,-33.97811894526198],[-58.73133566528112,-33.97307344170788],[-58.735717438676645,-33.96785898051252],[-58.738672767142255,-33.96534012152457],[-58.74607774162689,-33.96036658793146],[-58.75490206648206,-33.95632249430402],[-58.765798814020975,-33.95003305488814],[-58.77021931810224,-33.948222239920135],[-58.77378011268214,-33.94747645534784],[-58.78635911422534,-33.94843891745538],[-58.79334634709742,-33.95014164864164],[-58.79708983943742,-33.95039524525458],[-58.80306866962781,-33.95152916650146],[-58.806019562012516,-33.95246624957369],[-58.8062572389313,-33.953602396348145],[-58.80713983829008,-33.95418774523067],[-58.80991473490724,-33.95362484307217],[-58.81081158024329,-33.95448938872137],[-58.81438476341964,-33.95512205130294],[-58.81535112740869,-33.955892442652726],[-58.818159177585564,-33.95588600286015],[-58.82314879010358,-33.957311452093805],[-58.8352736184046,-33.95643920124478],[-58.845291470839314,-33.95375567848634],[-58.851873133338025,-33.9523505322531],[-58.853860992787595,-33.95161611697523],[-58.867302572679556,-33.94309973431157],[-58.87635911427612,-33.93485419766974],[-58.879387220950555,-33.93049198040131],[-58.88302203709012,-33.92437271239236],[-58.8857633431704,-33.920741611505726],[-58.89236329181982,-33.90803121021904],[-58.89492401562226,-33.90370981157238],[-58.89895960333585,-33.89752129829106],[-58.90166674441541,-33.89473996738665],[-58.9033972135541,-33.89164899168097],[-58.905959021978525,-33.8901901706923],[-58.9084995793929,-33.89014587656517],[-58.91685536602038,-33.886339141651824],[-58.919080372732715,-33.88492989714805],[-58.932528512380344,-33.878991958213746],[-58.940158724637925,-33.87646424195776],[-58.94286092686299,-33.87616396001558],[-58.95075562743122,-33.877096862205164],[-58.96235857613079,-33.87742906374544],[-58.96764282379775,-33.876911471849276],[-58.97409498848323,-33.875707591005494],[-58.9779074890719,-33.87402926693014],[-58.98038646428531,-33.87363264669126],[-58.98160968901068,-33.87177011932438],[-58.98537937519986,-33.869743549389604],[-58.98545431452362,-33.86890071035206],[-58.985002622370985,-33.86783344010033],[-58.98788758021538,-33.86385957342531],[-58.98853830655444,-33.861014290707935],[-58.98965643581249,-33.85991815647149],[-58.99011555159363,-33.85860463370025],[-58.99100317773755,-33.85277099646195],[-58.992092248533204,-33.84995245685338],[-58.99218962461104,-33.846533139194975],[-58.993584052673114,-33.84530986958338],[-58.99436993519823,-33.845522840124474],[-58.99498843411957,-33.845294070489636],[-58.99645474932553,-33.84373130321715],[-58.997167592783285,-33.84243784959822],[-58.99911470365506,-33.84259208648006],[-59.00605990899134,-33.844816260580686],[-59.00695107545156,-33.846196394600206],[-59.00789335566869,-33.84671130237102],[-59.01162626692721,-33.84768727192226],[-59.01483648345647,-33.84919791876038],[-59.02031965218879,-33.8505091],[-59.02880829036581,-33.84899947703706],[-59.033164816105824,-33.8464522799244],[-59.03691154805235,-33.84353366269342],[-59.037943595998286,-33.84304595890395],[-59.039012961437116,-33.843116721408826],[-59.043387167412924,-33.8445679466754],[-59.047333915279594,-33.84478548409905],[-59.05441491186921,-33.84387914928109],[-59.056487456697994,-33.842809082089325],[-59.06454021778162,-33.84070970397158],[-59.06885170942143,-33.84058617796652],[-59.079868872346374,-33.841915481877585],[-59.0835863618987,-33.842660941589536],[-59.08986413539359,-33.84527708131162],[-59.09566676390687,-33.84712187632773],[-59.10980469619227,-33.85296341537275],[-59.11717822867461,-33.85308286766586],[-59.12505493239862,-33.85488120986025],[-59.128557976343465,-33.85484853033993],[-59.13158503757765,-33.854216177278865],[-59.136577209041576,-33.85235425645495],[-59.14011460663891,-33.85066451814789],[-59.14483326211199,-33.847547312322924],[-59.15057159514858,-33.84270778302744],[-59.162100279644235,-33.82954011715352],[-59.166855419022546,-33.822006585007074],[-59.170008026519376,-33.81325988079334],[-59.17217505921851,-33.81043133411458],[-59.17463573066553,-33.80837664473919],[-59.1770730391368,-33.80828141935608],[-59.18222418582045,-33.808988546892394],[-59.20315440267426,-33.81267393453558],[-59.20561377668424,-33.81355343346143],[-59.20699624214837,-33.815405976929824],[-59.21150866853408,-33.81783526699865],[-59.22084244320342,-33.81918877357689],[-59.22301286106542,-33.81830585944275],[-59.231642863259985,-33.81807078800465],[-59.23759654310989,-33.81632321913117],[-59.24022359641717,-33.81509194276352],[-59.241047144540275,-33.81390894413458],[-59.24080440989641,-33.81309023157842],[-59.24123680759999,-33.812394235967034],[-59.246768629764624,-33.809710638121835],[-59.25176910656775,-33.80664897312793],[-59.2540013093104,-33.804181695840896],[-59.26049508647562,-33.79810600724341],[-59.262279714851765,-33.79541319984183],[-59.262604680047104,-33.7921699945061],[-59.26356618921221,-33.789742184122204],[-59.263457487538794,-33.78839769029542],[-59.26278288034578,-33.78719875071702],[-59.26237434902025,-33.782499782021354],[-59.26138868505587,-33.78095952396735],[-59.26106584725743,-33.77839605146738],[-59.25960355091321,-33.7752124394261],[-59.2596037283051,-33.77418124879968],[-59.2555189115759,-33.768699943879845],[-59.24864687536819,-33.75582277665477],[-59.24600997862435,-33.751613783293074],[-59.24212950264298,-33.74617250200429],[-59.23881883442864,-33.742862645558645],[-59.237564674238385,-33.7388880620401],[-59.23756231070858,-33.73777747054996],[-59.23803260251746,-33.736989918277025],[-59.243193680590345,-33.73240870281984],[-59.24737232678976,-33.7299388425401],[-59.253002854543574,-33.72835896371299],[-59.25556896255134,-33.72806476524392],[-59.259638513789845,-33.728275421145646],[-59.265514558039776,-33.72925920507422],[-59.27623148694724,-33.730449836795245],[-59.27735182492664,-33.731007102317285],[-59.276183212657564,-33.73290806604113],[-59.27514995085833,-33.73544179339294],[-59.271554616505874,-33.7400668241143],[-59.27080873122725,-33.74195731636121],[-59.26841391273164,-33.744941659869916],[-59.26659086942606,-33.74595511294297],[-59.26623545568904,-33.74682795408739],[-59.26534446838447,-33.74776555353139],[-59.264369133692384,-33.75011156503339],[-59.26400685656708,-33.752671001852114],[-59.2622077311614,-33.75701078508514],[-59.26251595298093,-33.75957493378895],[-59.262532903863104,-33.76717298392867],[-59.26275104347223,-33.76841489747582],[-59.26351455942915,-33.7691118444361],[-59.26315370419522,-33.77080271876174],[-59.263776576005874,-33.77189459795391],[-59.26788284450293,-33.7743536998892],[-59.27327355053324,-33.77643284932672],[-59.27591881464063,-33.77845144415632],[-59.277758210193184,-33.77929584676985],[-59.282640877243985,-33.78445669230747],[-59.28680805511347,-33.78627588845294],[-59.288602849200586,-33.78650935706048],[-59.29146111383975,-33.7876788779298],[-59.29297523607069,-33.78786688525687],[-59.29383029200637,-33.78883393293904],[-59.294554365990685,-33.78915545804801],[-59.30734865154665,-33.79077347919151],[-59.31872107662324,-33.791332673736335],[-59.32474284791973,-33.79291540764773],[-59.32783159526108,-33.79429236845113],[-59.33119160761273,-33.79716558253757],[-59.33286930856815,-33.7991318976152],[-59.33704447152565,-33.80708210104915],[-59.3384729323846,-33.81102569135027],[-59.34285146654833,-33.81884597886308]],[[-58.35896191186667,-34.137056809531686],[-58.35879302801545,-34.137653317039806],[-58.358113193194875,-34.13745842887609],[-58.35769266954466,-34.13628541137419],[-58.35558459741299,-34.13523648745673],[-58.35315591264822,-34.13229049302383],[-58.35469255953329,-34.12822646361972],[-58.35512685578283,-34.12828143031175],[-58.355735311728544,-34.12915917911939],[-58.35848237474713,-34.13115766751853],[-58.35802255460629,-34.13447990507956],[-58.35896191186667,-34.137056809531686]],[[-58.35793089000438,-34.052577131147736],[-58.35741976777327,-34.05264896865088],[-58.356724079839545,-34.05186208378908],[-58.35620002376592,-34.04918481554538],[-58.354710311835824,-34.048281720717085],[-58.35355156080184,-34.04630873143743],[-58.35327511108814,-34.043772472829524],[-58.354302866250876,-34.04179101450157],[-58.35568431789323,-34.04013033181382],[-58.362093153342265,-34.03371602084734],[-58.36238136419159,-34.03216000181545],[-58.364908089013845,-34.02996272343573],[-58.36589009794479,-34.02744918676025],[-58.37093252623548,-34.02402872159335],[-58.37526853336606,-34.01988764911156],[-58.377681072274086,-34.0181314724087],[-58.38595772225355,-34.01506037076789],[-58.39208849838582,-34.01394349266299],[-58.39448466983831,-34.013857456271104],[-58.3945640249048,-34.01483646573144],[-58.39360804694832,-34.02014389946691],[-58.390035559466654,-34.02618279164578],[-58.38710775488828,-34.02931190490156],[-58.38177515680696,-34.037540640758685],[-58.375192492626404,-34.04301171647152],[-58.36604651097387,-34.04749303363295],[-58.36065243626807,-34.04957838818713],[-58.35793089000438,-34.052577131147736]],[[-58.35927649889167,-34.05620346061511],[-58.35893188208349,-34.05654198100966],[-58.35826285928995,-34.05633106018031],[-58.35811923327791,-34.05533051740557],[-58.35916523116104,-34.055173259416],[-58.35927649889167,-34.05620346061511]],[[-58.36190068666557,-33.954658710000004],[-58.36153258146212,-33.95441523015588],[-58.36161260724646,-33.95398120279599],[-58.36252195220925,-33.95395733290201],[-58.3625653655423,-33.95451582389489],[-58.36190068666557,-33.954658710000004]],[[-58.39460573904366,-33.95080893183207],[-58.39503360292898,-33.95127554743738],[-58.394130135942106,-33.95299819770007],[-58.39224145669675,-33.95463808401104],[-58.392279994852885,-33.95600311465857],[-58.39130635922719,-33.95787276117839],[-58.387225558203504,-33.971062941662574],[-58.38629702267258,-33.97744738745385],[-58.385594798248206,-33.97907455638302],[-58.38429055827131,-33.9808384511087],[-58.38197421212976,-33.98235492258026],[-58.3692198655273,-33.986247240130325],[-58.36425104542538,-33.98599191858619],[-58.36301270116061,-33.98542140573566],[-58.362635463709374,-33.9848057837742],[-58.362661646877115,-33.98374290060251],[-58.36394009474596,-33.98009129309332],[-58.36294265202505,-33.976614633676874],[-58.362926893817544,-33.975437459624196],[-58.363905372743716,-33.97435708824364],[-58.368090401473616,-33.971729063292166],[-58.37050352262017,-33.96630743047683],[-58.37528994993683,-33.963854176013136],[-58.376549517165344,-33.96353524514104],[-58.37975566947899,-33.96060456519899],[-58.38142560724892,-33.95955786034422],[-58.382376672201254,-33.957658540593265],[-58.38358905680944,-33.95633447087282],[-58.38437166529088,-33.956292936796736],[-58.38486344135228,-33.95590264830961],[-58.38577143313465,-33.956141352291105],[-58.38694372645598,-33.95582799281029],[-58.392044090565776,-33.95123402136859],[-58.39460573904366,-33.95080893183207]],[[-58.37598542160225,-34.21525397401206],[-58.38251429304842,-34.21346771087609],[-58.382750826977215,-34.21383233107701],[-58.38225827602249,-34.21460608901726],[-58.381684364299794,-34.21685530865086],[-58.38226577971872,-34.21948647974364],[-58.381581738689874,-34.220713578106974],[-58.38035116150872,-34.22121481320956],[-58.37896852183231,-34.220192431173324],[-58.37837917287728,-34.21913666357302],[-58.376456141598155,-34.21882378716585],[-58.37595845840686,-34.217208039431235],[-58.37528220744732,-34.21666180294864],[-58.37492128586126,-34.215849509202144],[-58.37598542160225,-34.21525397401206]],[[-58.38454561291716,-34.57397087314999],[-58.38401476975709,-34.573847205237804],[-58.38373574665879,-34.57281842585539],[-58.37992382494338,-34.57231117392609],[-58.38001074616447,-34.57180957671189],[-58.38148295821865,-34.570836001403734],[-58.38112478250089,-34.569907349724964],[-58.38140339682509,-34.568887178937324],[-58.38269702770078,-34.568802563614575],[-58.38431580862717,-34.56930670260271],[-58.390022935244154,-34.569780213571704],[-58.390453693777445,-34.57014383803592],[-58.390342948219,-34.57067930961014],[-58.38454561291716,-34.57397087314999]],[[-58.40119427253927,-33.93648098685638],[-58.40261425499629,-33.93720520900158],[-58.402477863175335,-33.93837550195611],[-58.399536998416984,-33.94160702384253],[-58.39681290930742,-33.942353844654576],[-58.395875149478314,-33.941827483319365],[-58.395871172696125,-33.94132428627458],[-58.39675527903464,-33.94103417202691],[-58.397468945025,-33.93934873531808],[-58.39901911572036,-33.937941363260656],[-58.39974687301313,-33.93681182141516],[-58.40119427253927,-33.93648098685638]],[[-58.399132769500355,-34.01291415836798],[-58.399616787811524,-34.01305176012315],[-58.3995832435937,-34.01355383855728],[-58.39707493932161,-34.01550403744713],[-58.39656329486953,-34.01545380009699],[-58.39686222093167,-34.014023873825266],[-58.399132769500355,-34.01291415836798]],[[-58.40220736959818,-34.01175864935231],[-58.40267307240777,-34.01197530448245],[-58.402507909609135,-34.01249312818454],[-58.400440426965176,-34.01321979713503],[-58.39999987078529,-34.01302838368263],[-58.400155016726885,-34.0124801344979],[-58.40220736959818,-34.01175864935231]],[[-58.437491394872104,-33.942273850741586],[-58.43783254814541,-33.94272588651469],[-58.4373634166569,-33.94311300582395],[-58.43265829301259,-33.943165468319165],[-58.42507087054899,-33.94234315866022],[-58.42367214230113,-33.94100574402681],[-58.42398574899728,-33.94065516113463],[-58.42755323571944,-33.94024615724883],[-58.437491394872104,-33.942273850741586]],[[-58.44049837536902,-34.328168209801824],[-58.43926493781291,-34.32970625118181],[-58.4380387637552,-34.329244294174586],[-58.43737669912417,-34.328225694141715],[-58.43819578314122,-34.32772931001166],[-58.44017812147402,-34.32782850964196],[-58.44049837536902,-34.328168209801824]],[[-58.447502181443205,-34.32859320585939],[-58.44767075478358,-34.3290962499434],[-58.44712738899705,-34.32959776851906],[-58.442670605683446,-34.3315382466348],[-58.44207314055322,-34.331456240850116],[-58.441545792278234,-34.330180070998466],[-58.441593386577715,-34.32951712512071],[-58.442224248310396,-34.329000289605546],[-58.44243724888973,-34.328334756053394],[-58.44375470423725,-34.32786692650772],[-58.447502181443205,-34.32859320585939]],[[-58.48572718353953,-34.32691663839935],[-58.485862881227405,-34.329508307029535],[-58.479944819025604,-34.33727752895837],[-58.47293155821626,-34.35040464922999],[-58.470346287773495,-34.353681843956196],[-58.465491192020146,-34.363161916898484],[-58.46251976259099,-34.36538046713486],[-58.45915231006945,-34.36908222803318],[-58.45565882096087,-34.374713344834255],[-58.454756372551586,-34.37529511307935],[-58.45411284809172,-34.37633045088368],[-58.452188320723664,-34.376889377596015],[-58.450080368907386,-34.37653382214213],[-58.447591021108465,-34.375514451130165],[-58.44667737348152,-34.37457608858193],[-58.44408373799653,-34.369755355772824],[-58.44321608354482,-34.366087911884925],[-58.44351389444486,-34.365269456200785],[-58.449014260077554,-34.3595844801105],[-58.450416198531975,-34.35655669541437],[-58.454383107623016,-34.35347676983913],[-58.454759564717115,-34.352451674892826],[-58.45558170963541,-34.352092711282225],[-58.455578640107525,-34.35136417372825],[-58.45435226592504,-34.351184633247016],[-58.45385974130305,-34.35066355739535],[-58.454294477496326,-34.34921057296071],[-58.45397541267952,-34.348801922271285],[-58.452565423386275,-34.34891740072592],[-58.4521839270542,-34.35062774810036],[-58.45095726100924,-34.35170339185732],[-58.45004736528157,-34.35176410241231],[-58.44948292571215,-34.35099481873058],[-58.450604494757116,-34.350001144633474],[-58.450577946524625,-34.348336738721045],[-58.455694599400246,-34.34622428505632],[-58.45661369494072,-34.34550905910747],[-58.45763490044345,-34.3437446398212],[-58.45792188734025,-34.341218001317884],[-58.45679589197066,-34.33527838023836],[-58.457023598467536,-34.334070663203086],[-58.457652119692234,-34.33356910277359],[-58.45811027991547,-34.33245572337767],[-58.459026940601646,-34.331305202164764],[-58.46234797909172,-34.32887508323017],[-58.464897536712996,-34.327844523790546],[-58.46647159603395,-34.3278285650774],[-58.469048908291754,-34.32695843109786],[-58.47307201813086,-34.32672653552038],[-58.479650858907966,-34.3270981933183],[-58.48029464945083,-34.32665554455795],[-58.48390023780112,-34.326714731396315],[-58.48499627285337,-34.32624741760493],[-58.48572718353953,-34.32691663839935]],[[-58.45472523338773,-34.34462415057777],[-58.45345845293303,-34.344780180158715],[-58.452974681424536,-34.34409946256092],[-58.45195811732446,-34.34364523190044],[-58.45191463793368,-34.342618910033934],[-58.4504696145666,-34.34222967183284],[-58.449590678836685,-34.341257854438744],[-58.44896138735996,-34.34106101259878],[-58.447959938585754,-34.339646232814765],[-58.44825039867851,-34.33806746104321],[-58.44687845283057,-34.337293891115195],[-58.44718466284334,-34.3367204472001],[-58.44907856766412,-34.33528799537473],[-58.450334992463844,-34.33360454325439],[-58.45281911358166,-34.33194177577834],[-58.45328652686068,-34.33199286975122],[-58.45360836241173,-34.33244123839005],[-58.45391526014993,-34.334552447868674],[-58.454851112934485,-34.33589030945082],[-58.456240583339245,-34.339634972420356],[-58.45598871950833,-34.3433487448902],[-58.45472523338773,-34.34462415057777]],[[-58.44862041225715,-34.33287450806414],[-58.44822980890456,-34.33308682529212],[-58.447881090156635,-34.33287590290251],[-58.44819338552926,-34.33200378912687],[-58.44873036810413,-34.332188050567595],[-58.44862041225715,-34.33287450806414]],[[-58.45327766708909,-34.53488373003215],[-58.452915467966456,-34.53538756741654],[-58.45050863530744,-34.53518089876477],[-58.45043067473242,-34.53462447688194],[-58.45120504863921,-34.53280695980399],[-58.451768412491674,-34.532812108304206],[-58.45327766708909,-34.53488373003215]],[[-58.480368461776706,-34.297795197940644],[-58.48043147742684,-34.298303122509004],[-58.479807138921316,-34.298701030409404],[-58.4763670599004,-34.29941270047431],[-58.47507256905548,-34.2983740985082],[-58.473375806341814,-34.2979972861608],[-58.47273731956456,-34.297541484869434],[-58.47167962388007,-34.297731330502835],[-58.4706331552631,-34.29730049239453],[-58.469403756367534,-34.29736488752244],[-58.468420026190415,-34.29662625807714],[-58.46955639178692,-34.295458643201755],[-58.47021336803605,-34.29528175620733],[-58.47771985135782,-34.29621880476419],[-58.47895781369315,-34.296675492055016],[-58.480368461776706,-34.297795197940644]],[[-58.47328992417249,-34.319456522330654],[-58.471344162572656,-34.318739448213556],[-58.47089617157468,-34.31815007995739],[-58.47099089640692,-34.31775035712523],[-58.47251126404243,-34.31747480205406],[-58.47283395196832,-34.31840540901644],[-58.47354504768994,-34.319045114008446],[-58.47328992417249,-34.319456522330654]],[[-58.479671584233536,-34.28576618063543],[-58.48009663413467,-34.28618905172442],[-58.479609382937966,-34.28675710213966],[-58.47851369445666,-34.28667717630829],[-58.476425429840425,-34.28765100940763],[-58.4739938378601,-34.287128118362176],[-58.47373290149047,-34.286814474387555],[-58.474246548190806,-34.28632094364774],[-58.479671584233536,-34.28576618063543]],[[-58.47648079346894,-34.30143932],[-58.47683260927777,-34.301648989664386],[-58.476792648751726,-34.30208981208091],[-58.47509055438776,-34.30327548704571],[-58.47399911980431,-34.30280099129806],[-58.47413694965234,-34.30225391535263],[-58.47648079346894,-34.30143932]],[[-58.50409126760069,-34.29618508693102],[-58.50810394327259,-34.29992577457405],[-58.50802917919901,-34.30102921033147],[-58.480182343740786,-34.32267665623082],[-58.479665832483775,-34.322651475221754],[-58.47920148920199,-34.319910184802744],[-58.47693824960271,-34.31879991343209],[-58.476394970644215,-34.31819431409745],[-58.47630495446766,-34.31748627430166],[-58.477340232896104,-34.31711074377454],[-58.47752512539996,-34.31638266897325],[-58.476564341094466,-34.31500763889627],[-58.47564036178601,-34.314704064903424],[-58.47548479740947,-34.31421537952719],[-58.47600533843606,-34.31366261557176],[-58.47678437059795,-34.313693963270666],[-58.48092047528802,-34.31163825839784],[-58.481353760443284,-34.31116870123994],[-58.48150498403269,-34.310093363965876],[-58.480966726237064,-34.309183101346946],[-58.47722634969038,-34.30720869138712],[-58.4761910350993,-34.30731468389222],[-58.47555337510747,-34.30884280644579],[-58.4744192087273,-34.30899410097752],[-58.4742913270212,-34.30831216307988],[-58.47526645256391,-34.307492880270715],[-58.47555931668446,-34.30524720386372],[-58.4782878320028,-34.3030743637168],[-58.479837978373254,-34.301405001489435],[-58.483248388297056,-34.29960227407852],[-58.49164362441841,-34.299158135300964],[-58.494890822396464,-34.298620122371624],[-58.49660444535153,-34.29788746419712],[-58.49766357732325,-34.29852436444801],[-58.49817350824994,-34.29802378600185],[-58.49798474112162,-34.29687851355441],[-58.49914846386154,-34.29603204633948],[-58.500774350079325,-34.29542858484228],[-58.5034248819387,-34.2963142038266],[-58.50409126760069,-34.29618508693102]],[[-58.48103314284342,-34.38825716905139],[-58.481386513317396,-34.38863415243236],[-58.481006627218164,-34.38959226799862],[-58.48115531009799,-34.3932406725163],[-58.4797219754363,-34.394514993426476],[-58.478549639826696,-34.394954277390624],[-58.477947280225685,-34.393005481022435],[-58.47808377377103,-34.392265941225084],[-58.47733518450048,-34.3918155274328],[-58.47729499251859,-34.39135134559064],[-58.47945727996699,-34.38838190316175],[-58.48103314284342,-34.38825716905139]],[[-58.48328341449963,-34.39935684081992],[-58.483813178392005,-34.39962038784911],[-58.48352007134159,-34.400192697345],[-58.48294711324914,-34.39989323456341],[-58.48328341449963,-34.39935684081992]],[[-58.501035528579536,-34.29302845771635],[-58.50081578790724,-34.293369069448914],[-58.49825701744959,-34.294436083344245],[-58.496264252989484,-34.295970656588324],[-58.49312102642869,-34.29721605810051],[-58.4873022865337,-34.29727730289323],[-58.48615354997334,-34.29686646218303],[-58.485864919939026,-34.296320985629784],[-58.486049495681286,-34.295263951456405],[-58.48772952079755,-34.29416786299104],[-58.488919015380056,-34.294478068046004],[-58.4895542053522,-34.294252592617156],[-58.49091929069171,-34.29206616116861],[-58.49057524416457,-34.29124501804538],[-58.490850928792284,-34.29023486081345],[-58.49050227463468,-34.28969768325971],[-58.489312405514106,-34.28944988090619],[-58.487679394258386,-34.29074157000408],[-58.48636313466184,-34.28973999769363],[-58.48635274513548,-34.28859835069157],[-58.4888970842663,-34.28677385323272],[-58.490699407652485,-34.28606340379265],[-58.4935452738527,-34.285994561991686],[-58.49744354493386,-34.288164523655155],[-58.49952968258441,-34.29006631712741],[-58.501035528579536,-34.29302845771635]],[[-58.49648277387187,-34.4314827816077],[-58.496639962321794,-34.432052214140015],[-58.49472293959287,-34.434478118357525],[-58.49137529737845,-34.437860899019206],[-58.49045994274879,-34.438016090873546],[-58.4904708886737,-34.43658158943419],[-58.48926482477004,-34.43600641857685],[-58.48899142095693,-34.43512067178492],[-58.49010428096232,-34.432277127305646],[-58.49125547192908,-34.4305708531354],[-58.49296887344672,-34.429537808580015],[-58.49425119834527,-34.429484282019075],[-58.49648277387187,-34.4314827816077]],[[-58.50266661666932,-34.423019545619134],[-58.50291312022692,-34.42356977953611],[-58.49987794501454,-34.429133953457836],[-58.4991071027568,-34.42999110680944],[-58.49788487214,-34.42977622103442],[-58.4964018425281,-34.42842646983085],[-58.496952299933945,-34.42604500076023],[-58.49567007616229,-34.425882000087775],[-58.494351918971546,-34.42491785262327],[-58.49428344049444,-34.42367421025043],[-58.495367538803876,-34.42138959127894],[-58.49515928150499,-34.42035643920055],[-58.49680622865496,-34.41916921296678],[-58.497823956592335,-34.41938989283232],[-58.50064670147012,-34.42197097417771],[-58.50266661666932,-34.423019545619134]],[[-58.499627968379606,-34.437427293804554],[-58.4994977572774,-34.43807987100493],[-58.49852944730818,-34.43792251801758],[-58.49874674500952,-34.436845361046224],[-58.499159992402774,-34.43687733899794],[-58.499627968379606,-34.437427293804554]],[[-58.505088605585534,-34.41600005323802],[-58.50568693711753,-34.41733761032346],[-58.504769472690604,-34.41841983851147],[-58.50548398538383,-34.41925753051926],[-58.50633144270847,-34.419401757587096],[-58.50642799267704,-34.41990176541532],[-58.50398727883677,-34.42211396637045],[-58.5029832371624,-34.422107852551136],[-58.49995345292737,-34.41941459972592],[-58.49893025235125,-34.417876500205665],[-58.498928837518484,-34.416628597094544],[-58.4994502015074,-34.415936036834836],[-58.500790931133764,-34.41528452897486],[-58.50100002340556,-34.41436381364944],[-58.50069857534478,-34.41395325163114],[-58.49941708139161,-34.41390785817022],[-58.49926540703919,-34.41309860351619],[-58.5002152990834,-34.41282774680274],[-58.501321240592034,-34.41325748280186],[-58.502818973366,-34.414474163782984],[-58.50346620082715,-34.41549338651833],[-58.504290159443585,-34.41600083588874],[-58.505088605585534,-34.41600005323802]],[[-58.49965639,-34.272453060000004],[-58.499273613865704,-34.27216917387091],[-58.49895198939104,-34.270289676299136],[-58.49924289073454,-34.26982843009699],[-58.50157962720924,-34.26993871954593],[-58.50489241357407,-34.27096182842701],[-58.504766808426744,-34.271359067349614],[-58.503463627347095,-34.27209035451691],[-58.49965639,-34.272453060000004]],[[-58.50313983024648,-34.436215734898084],[-58.50336223936095,-34.43885156434162],[-58.5029700527349,-34.43894991638186],[-58.50135886468583,-34.43773015929851],[-58.501059816247434,-34.43652311637846],[-58.50186585936101,-34.43559964648554],[-58.50313983024648,-34.436215734898084]],[[-58.5145479210143,-34.44932647120509],[-58.51573916824489,-34.4496408599687],[-58.5154991124936,-34.45065274702233],[-58.511235529863,-34.45372194864507],[-58.51057200976603,-34.454031193590644],[-58.509519387492205,-34.45395015013019],[-58.5088860347658,-34.454687214812495],[-58.50770943464747,-34.4530862791991],[-58.50772644197378,-34.45207829221633],[-58.5063512551669,-34.4495548058551],[-58.50750385190772,-34.44872360243018],[-58.508543000478404,-34.44931955824354],[-58.513681401910084,-34.44812605091159],[-58.5145479210143,-34.44932647120509]],[[-58.50980005903392,-34.41451670832799],[-58.51023858030525,-34.415013044800745],[-58.50933292982571,-34.416645066260756],[-58.50786019885599,-34.416227161974426],[-58.50779208145084,-34.4149049924871],[-58.50980005903392,-34.41451670832799]],[[-58.98291553816866,-34.142662694690166],[-58.9838432831707,-34.1420398226153],[-58.98406371712108,-34.14245486876688],[-58.98326677311521,-34.14309715164617],[-58.98291553816866,-34.142662694690166]],[[-59.01580212280059,-34.090732691106524],[-59.0156571504895,-34.091302627562236],[-59.01494947789309,-34.09118125892804],[-59.01520636586163,-34.090499792333986],[-59.01580212280059,-34.090732691106524]],[[-59.62411821178083,-33.32549241862169],[-59.62455122092511,-33.32593465660371],[-59.62401089189652,-33.32708164559733],[-59.626603675366034,-33.32946144770831],[-59.628455790762246,-33.33262029081402],[-59.628287837287004,-33.33390965917306],[-59.62486257474603,-33.333837223250164],[-59.62178851672849,-33.331871477401414],[-59.619477644550855,-33.33105474630838],[-59.61841133192552,-33.33145305343099],[-59.61506857496636,-33.3297724767422],[-59.6112322220499,-33.328633652981615],[-59.61019734852721,-33.32732191553564],[-59.61074866259344,-33.32671865524923],[-59.61244786133941,-33.32623941248381],[-59.62411821178083,-33.32549241862169]],[[-59.62786130925718,-33.31250233348864],[-59.62814786288832,-33.31284262389974],[-59.62794264185983,-33.31323733249716],[-59.627020644575886,-33.313017705729905],[-59.62715957659495,-33.312464948748946],[-59.62786130925718,-33.31250233348864]],[[-59.65964843260578,-33.65401482697131],[-59.65962728717665,-33.65360288765719],[-59.66002068699502,-33.65339334789274],[-59.66084011441988,-33.65413166064658],[-59.66024697951414,-33.65450559441053],[-59.65964843260578,-33.65401482697131]],[[-59.66435620570822,-33.65508144897469],[-59.66300742562308,-33.65420576867863],[-59.661938700100194,-33.65396246257643],[-59.661875787870194,-33.65334367072859],[-59.66464022621758,-33.653461572237354],[-59.6654177762222,-33.65406721455674],[-59.66527146063856,-33.65463393498277],[-59.66435620570822,-33.65508144897469]],[[-59.81127901802871,-33.56036955171798],[-59.81172465111832,-33.560131971081276],[-59.81204542208055,-33.56048113655165],[-59.81176428625968,-33.563146823250584],[-59.81227564222663,-33.56554568192911],[-59.81190281006121,-33.56592879978897],[-59.81153804361727,-33.56574373799067],[-59.81013742195977,-33.56310243071923],[-59.81127901802871,-33.56036955171798]]]}}]}